paths,label
../Dataset/CIFAR-10-images/train/horse/0393.jpg,horse
../Dataset/CIFAR-10-images/train/horse/0019.jpg,horse
../Dataset/CIFAR-10-images/train/dog/0214.jpg,dog
../Dataset/CIFAR-10-images/train/ship/0078.jpg,ship
../Dataset/CIFAR-10-images/train/frog/0308.jpg,frog
../Dataset/CIFAR-10-images/train/cat/0385.jpg,cat
../Dataset/CIFAR-10-images/train/automobile/0283.jpg,automobile
../Dataset/CIFAR-10-images/train/ship/0360.jpg,ship
../Dataset/CIFAR-10-images/train/cat/0067.jpg,cat
../Dataset/CIFAR-10-images/train/dog/0266.jpg,dog
../Dataset/CIFAR-10-images/train/automobile/0261.jpg,automobile
../Dataset/CIFAR-10-images/train/cat/0166.jpg,cat
../Dataset/CIFAR-10-images/train/frog/0220.jpg,frog
../Dataset/CIFAR-10-images/train/ship/0422.jpg,ship
../Dataset/CIFAR-10-images/train/ship/0420.jpg,ship
../Dataset/CIFAR-10-images/train/bird/0273.jpg,bird
../Dataset/CIFAR-10-images/train/horse/0152.jpg,horse
../Dataset/CIFAR-10-images/train/bird/0056.jpg,bird
../Dataset/CIFAR-10-images/train/deer/0168.jpg,deer
../Dataset/CIFAR-10-images/train/bird/0045.jpg,bird
../Dataset/CIFAR-10-images/train/horse/0471.jpg,horse
../Dataset/CIFAR-10-images/train/truck/0488.jpg,truck
../Dataset/CIFAR-10-images/train/dog/0131.jpg,dog
../Dataset/CIFAR-10-images/train/airplane/0087.jpg,airplane
../Dataset/CIFAR-10-images/train/cat/0265.jpg,cat
../Dataset/CIFAR-10-images/train/automobile/0419.jpg,automobile
../Dataset/CIFAR-10-images/train/automobile/0008.jpg,automobile
../Dataset/CIFAR-10-images/train/dog/0309.jpg,dog
../Dataset/CIFAR-10-images/train/cat/0135.jpg,cat
../Dataset/CIFAR-10-images/train/airplane/0159.jpg,airplane
../Dataset/CIFAR-10-images/train/dog/0204.jpg,dog
../Dataset/CIFAR-10-images/train/frog/0442.jpg,frog
../Dataset/CIFAR-10-images/train/frog/0064.jpg,frog
../Dataset/CIFAR-10-images/train/cat/0390.jpg,cat
../Dataset/CIFAR-10-images/train/cat/0165.jpg,cat
../Dataset/CIFAR-10-images/train/airplane/0293.jpg,airplane
../Dataset/CIFAR-10-images/train/cat/0018.jpg,cat
../Dataset/CIFAR-10-images/train/ship/0457.jpg,ship
../Dataset/CIFAR-10-images/train/deer/0486.jpg,deer
../Dataset/CIFAR-10-images/train/automobile/0228.jpg,automobile
../Dataset/CIFAR-10-images/train/bird/0301.jpg,bird
../Dataset/CIFAR-10-images/train/horse/0286.jpg,horse
../Dataset/CIFAR-10-images/train/ship/0005.jpg,ship
../Dataset/CIFAR-10-images/train/horse/0037.jpg,horse
../Dataset/CIFAR-10-images/train/deer/0425.jpg,deer
../Dataset/CIFAR-10-images/train/airplane/0141.jpg,airplane
../Dataset/CIFAR-10-images/train/horse/0416.jpg,horse
../Dataset/CIFAR-10-images/train/dog/0240.jpg,dog
../Dataset/CIFAR-10-images/train/truck/0458.jpg,truck
../Dataset/CIFAR-10-images/train/ship/0128.jpg,ship
../Dataset/CIFAR-10-images/train/bird/0490.jpg,bird
../Dataset/CIFAR-10-images/train/ship/0117.jpg,ship
../Dataset/CIFAR-10-images/train/ship/0412.jpg,ship
../Dataset/CIFAR-10-images/train/automobile/0163.jpg,automobile
../Dataset/CIFAR-10-images/train/dog/0472.jpg,dog
../Dataset/CIFAR-10-images/train/automobile/0068.jpg,automobile
../Dataset/CIFAR-10-images/train/bird/0478.jpg,bird
../Dataset/CIFAR-10-images/train/frog/0072.jpg,frog
../Dataset/CIFAR-10-images/train/dog/0090.jpg,dog
../Dataset/CIFAR-10-images/train/cat/0235.jpg,cat
../Dataset/CIFAR-10-images/train/automobile/0216.jpg,automobile
../Dataset/CIFAR-10-images/train/ship/0056.jpg,ship
../Dataset/CIFAR-10-images/train/horse/0084.jpg,horse
../Dataset/CIFAR-10-images/train/airplane/0330.jpg,airplane
../Dataset/CIFAR-10-images/train/deer/0167.jpg,deer
../Dataset/CIFAR-10-images/train/automobile/0301.jpg,automobile
../Dataset/CIFAR-10-images/train/truck/0158.jpg,truck
../Dataset/CIFAR-10-images/train/automobile/0299.jpg,automobile
../Dataset/CIFAR-10-images/train/bird/0103.jpg,bird
../Dataset/CIFAR-10-images/train/dog/0407.jpg,dog
../Dataset/CIFAR-10-images/train/automobile/0146.jpg,automobile
../Dataset/CIFAR-10-images/train/bird/0155.jpg,bird
../Dataset/CIFAR-10-images/train/horse/0195.jpg,horse
../Dataset/CIFAR-10-images/train/dog/0319.jpg,dog
../Dataset/CIFAR-10-images/train/dog/0246.jpg,dog
../Dataset/CIFAR-10-images/train/cat/0063.jpg,cat
../Dataset/CIFAR-10-images/train/bird/0064.jpg,bird
../Dataset/CIFAR-10-images/train/truck/0337.jpg,truck
../Dataset/CIFAR-10-images/train/airplane/0008.jpg,airplane
../Dataset/CIFAR-10-images/train/ship/0303.jpg,ship
../Dataset/CIFAR-10-images/train/horse/0318.jpg,horse
../Dataset/CIFAR-10-images/train/dog/0284.jpg,dog
../Dataset/CIFAR-10-images/train/ship/0328.jpg,ship
../Dataset/CIFAR-10-images/train/dog/0208.jpg,dog
../Dataset/CIFAR-10-images/train/automobile/0164.jpg,automobile
../Dataset/CIFAR-10-images/train/horse/0435.jpg,horse
../Dataset/CIFAR-10-images/train/airplane/0360.jpg,airplane
../Dataset/CIFAR-10-images/train/automobile/0043.jpg,automobile
../Dataset/CIFAR-10-images/train/truck/0016.jpg,truck
../Dataset/CIFAR-10-images/train/frog/0494.jpg,frog
../Dataset/CIFAR-10-images/train/automobile/0175.jpg,automobile
../Dataset/CIFAR-10-images/train/cat/0276.jpg,cat
../Dataset/CIFAR-10-images/train/horse/0285.jpg,horse
../Dataset/CIFAR-10-images/train/airplane/0123.jpg,airplane
../Dataset/CIFAR-10-images/train/automobile/0125.jpg,automobile
../Dataset/CIFAR-10-images/train/horse/0184.jpg,horse
../Dataset/CIFAR-10-images/train/cat/0065.jpg,cat
../Dataset/CIFAR-10-images/train/frog/0262.jpg,frog
../Dataset/CIFAR-10-images/train/horse/0227.jpg,horse
../Dataset/CIFAR-10-images/train/ship/0489.jpg,ship
../Dataset/CIFAR-10-images/train/horse/0142.jpg,horse
../Dataset/CIFAR-10-images/train/dog/0026.jpg,dog
../Dataset/CIFAR-10-images/train/airplane/0135.jpg,airplane
../Dataset/CIFAR-10-images/train/deer/0067.jpg,deer
../Dataset/CIFAR-10-images/train/cat/0139.jpg,cat
../Dataset/CIFAR-10-images/train/frog/0327.jpg,frog
../Dataset/CIFAR-10-images/train/frog/0272.jpg,frog
../Dataset/CIFAR-10-images/train/dog/0334.jpg,dog
../Dataset/CIFAR-10-images/train/bird/0385.jpg,bird
../Dataset/CIFAR-10-images/train/automobile/0412.jpg,automobile
../Dataset/CIFAR-10-images/train/automobile/0416.jpg,automobile
../Dataset/CIFAR-10-images/train/deer/0310.jpg,deer
../Dataset/CIFAR-10-images/train/ship/0049.jpg,ship
../Dataset/CIFAR-10-images/train/deer/0383.jpg,deer
../Dataset/CIFAR-10-images/train/cat/0017.jpg,cat
../Dataset/CIFAR-10-images/train/bird/0479.jpg,bird
../Dataset/CIFAR-10-images/train/horse/0062.jpg,horse
../Dataset/CIFAR-10-images/train/airplane/0439.jpg,airplane
../Dataset/CIFAR-10-images/train/bird/0491.jpg,bird
../Dataset/CIFAR-10-images/train/deer/0396.jpg,deer
../Dataset/CIFAR-10-images/train/cat/0193.jpg,cat
../Dataset/CIFAR-10-images/train/frog/0021.jpg,frog
../Dataset/CIFAR-10-images/train/ship/0494.jpg,ship
../Dataset/CIFAR-10-images/train/dog/0035.jpg,dog
../Dataset/CIFAR-10-images/train/truck/0232.jpg,truck
../Dataset/CIFAR-10-images/train/frog/0041.jpg,frog
../Dataset/CIFAR-10-images/train/cat/0214.jpg,cat
../Dataset/CIFAR-10-images/train/deer/0381.jpg,deer
../Dataset/CIFAR-10-images/train/dog/0469.jpg,dog
../Dataset/CIFAR-10-images/train/dog/0422.jpg,dog
../Dataset/CIFAR-10-images/train/cat/0157.jpg,cat
../Dataset/CIFAR-10-images/train/ship/0470.jpg,ship
../Dataset/CIFAR-10-images/train/horse/0027.jpg,horse
../Dataset/CIFAR-10-images/train/dog/0028.jpg,dog
../Dataset/CIFAR-10-images/train/dog/0241.jpg,dog
../Dataset/CIFAR-10-images/train/dog/0196.jpg,dog
../Dataset/CIFAR-10-images/train/frog/0037.jpg,frog
../Dataset/CIFAR-10-images/train/bird/0158.jpg,bird
../Dataset/CIFAR-10-images/train/cat/0330.jpg,cat
../Dataset/CIFAR-10-images/train/airplane/0384.jpg,airplane
../Dataset/CIFAR-10-images/train/bird/0022.jpg,bird
../Dataset/CIFAR-10-images/train/bird/0067.jpg,bird
../Dataset/CIFAR-10-images/train/truck/0088.jpg,truck
../Dataset/CIFAR-10-images/train/cat/0367.jpg,cat
../Dataset/CIFAR-10-images/train/truck/0255.jpg,truck
../Dataset/CIFAR-10-images/train/frog/0143.jpg,frog
../Dataset/CIFAR-10-images/train/frog/0049.jpg,frog
../Dataset/CIFAR-10-images/train/dog/0305.jpg,dog
../Dataset/CIFAR-10-images/train/cat/0171.jpg,cat
../Dataset/CIFAR-10-images/train/cat/0242.jpg,cat
../Dataset/CIFAR-10-images/train/airplane/0303.jpg,airplane
../Dataset/CIFAR-10-images/train/truck/0336.jpg,truck
../Dataset/CIFAR-10-images/train/bird/0133.jpg,bird
../Dataset/CIFAR-10-images/train/horse/0251.jpg,horse
../Dataset/CIFAR-10-images/train/horse/0427.jpg,horse
../Dataset/CIFAR-10-images/train/ship/0340.jpg,ship
../Dataset/CIFAR-10-images/train/frog/0280.jpg,frog
../Dataset/CIFAR-10-images/train/dog/0186.jpg,dog
../Dataset/CIFAR-10-images/train/frog/0270.jpg,frog
../Dataset/CIFAR-10-images/train/truck/0432.jpg,truck
../Dataset/CIFAR-10-images/train/airplane/0356.jpg,airplane
../Dataset/CIFAR-10-images/train/ship/0111.jpg,ship
../Dataset/CIFAR-10-images/train/truck/0321.jpg,truck
../Dataset/CIFAR-10-images/train/airplane/0127.jpg,airplane
../Dataset/CIFAR-10-images/train/dog/0270.jpg,dog
../Dataset/CIFAR-10-images/train/bird/0024.jpg,bird
../Dataset/CIFAR-10-images/train/horse/0496.jpg,horse
../Dataset/CIFAR-10-images/train/frog/0465.jpg,frog
../Dataset/CIFAR-10-images/train/ship/0123.jpg,ship
../Dataset/CIFAR-10-images/train/dog/0231.jpg,dog
../Dataset/CIFAR-10-images/train/automobile/0064.jpg,automobile
../Dataset/CIFAR-10-images/train/ship/0212.jpg,ship
../Dataset/CIFAR-10-images/train/deer/0318.jpg,deer
../Dataset/CIFAR-10-images/train/frog/0492.jpg,frog
../Dataset/CIFAR-10-images/train/automobile/0405.jpg,automobile
../Dataset/CIFAR-10-images/train/horse/0102.jpg,horse
../Dataset/CIFAR-10-images/train/automobile/0222.jpg,automobile
../Dataset/CIFAR-10-images/train/bird/0247.jpg,bird
../Dataset/CIFAR-10-images/train/automobile/0361.jpg,automobile
../Dataset/CIFAR-10-images/train/truck/0427.jpg,truck
../Dataset/CIFAR-10-images/train/deer/0251.jpg,deer
../Dataset/CIFAR-10-images/train/ship/0459.jpg,ship
../Dataset/CIFAR-10-images/train/dog/0477.jpg,dog
../Dataset/CIFAR-10-images/train/deer/0040.jpg,deer
../Dataset/CIFAR-10-images/train/automobile/0363.jpg,automobile
../Dataset/CIFAR-10-images/train/cat/0473.jpg,cat
../Dataset/CIFAR-10-images/train/airplane/0132.jpg,airplane
../Dataset/CIFAR-10-images/train/automobile/0438.jpg,automobile
../Dataset/CIFAR-10-images/train/automobile/0378.jpg,automobile
../Dataset/CIFAR-10-images/train/frog/0129.jpg,frog
../Dataset/CIFAR-10-images/train/airplane/0017.jpg,airplane
../Dataset/CIFAR-10-images/train/ship/0313.jpg,ship
../Dataset/CIFAR-10-images/train/bird/0365.jpg,bird
../Dataset/CIFAR-10-images/train/airplane/0060.jpg,airplane
../Dataset/CIFAR-10-images/train/dog/0130.jpg,dog
../Dataset/CIFAR-10-images/train/automobile/0138.jpg,automobile
../Dataset/CIFAR-10-images/train/cat/0363.jpg,cat
../Dataset/CIFAR-10-images/train/bird/0004.jpg,bird
../Dataset/CIFAR-10-images/train/airplane/0227.jpg,airplane
../Dataset/CIFAR-10-images/train/automobile/0240.jpg,automobile
../Dataset/CIFAR-10-images/train/ship/0115.jpg,ship
../Dataset/CIFAR-10-images/train/frog/0283.jpg,frog
../Dataset/CIFAR-10-images/train/deer/0277.jpg,deer
../Dataset/CIFAR-10-images/train/ship/0324.jpg,ship
../Dataset/CIFAR-10-images/train/frog/0388.jpg,frog
../Dataset/CIFAR-10-images/train/bird/0434.jpg,bird
../Dataset/CIFAR-10-images/train/ship/0498.jpg,ship
../Dataset/CIFAR-10-images/train/horse/0229.jpg,horse
../Dataset/CIFAR-10-images/train/cat/0305.jpg,cat
../Dataset/CIFAR-10-images/train/truck/0253.jpg,truck
../Dataset/CIFAR-10-images/train/frog/0225.jpg,frog
../Dataset/CIFAR-10-images/train/airplane/0129.jpg,airplane
../Dataset/CIFAR-10-images/train/deer/0342.jpg,deer
../Dataset/CIFAR-10-images/train/ship/0490.jpg,ship
../Dataset/CIFAR-10-images/train/bird/0463.jpg,bird
../Dataset/CIFAR-10-images/train/cat/0101.jpg,cat
../Dataset/CIFAR-10-images/train/horse/0174.jpg,horse
../Dataset/CIFAR-10-images/train/automobile/0255.jpg,automobile
../Dataset/CIFAR-10-images/train/automobile/0079.jpg,automobile
../Dataset/CIFAR-10-images/train/deer/0269.jpg,deer
../Dataset/CIFAR-10-images/train/automobile/0098.jpg,automobile
../Dataset/CIFAR-10-images/train/dog/0378.jpg,dog
../Dataset/CIFAR-10-images/train/airplane/0291.jpg,airplane
../Dataset/CIFAR-10-images/train/bird/0291.jpg,bird
../Dataset/CIFAR-10-images/train/horse/0091.jpg,horse
../Dataset/CIFAR-10-images/train/automobile/0342.jpg,automobile
../Dataset/CIFAR-10-images/train/ship/0024.jpg,ship
../Dataset/CIFAR-10-images/train/dog/0260.jpg,dog
../Dataset/CIFAR-10-images/train/dog/0404.jpg,dog
../Dataset/CIFAR-10-images/train/automobile/0132.jpg,automobile
../Dataset/CIFAR-10-images/train/airplane/0397.jpg,airplane
../Dataset/CIFAR-10-images/train/bird/0144.jpg,bird
../Dataset/CIFAR-10-images/train/horse/0122.jpg,horse
../Dataset/CIFAR-10-images/train/automobile/0200.jpg,automobile
../Dataset/CIFAR-10-images/train/ship/0349.jpg,ship
../Dataset/CIFAR-10-images/train/truck/0049.jpg,truck
../Dataset/CIFAR-10-images/train/deer/0391.jpg,deer
../Dataset/CIFAR-10-images/train/cat/0428.jpg,cat
../Dataset/CIFAR-10-images/train/frog/0358.jpg,frog
../Dataset/CIFAR-10-images/train/truck/0434.jpg,truck
../Dataset/CIFAR-10-images/train/dog/0412.jpg,dog
../Dataset/CIFAR-10-images/train/bird/0342.jpg,bird
../Dataset/CIFAR-10-images/train/automobile/0056.jpg,automobile
../Dataset/CIFAR-10-images/train/cat/0098.jpg,cat
../Dataset/CIFAR-10-images/train/dog/0311.jpg,dog
../Dataset/CIFAR-10-images/train/bird/0058.jpg,bird
../Dataset/CIFAR-10-images/train/dog/0098.jpg,dog
../Dataset/CIFAR-10-images/train/ship/0415.jpg,ship
../Dataset/CIFAR-10-images/train/cat/0273.jpg,cat
../Dataset/CIFAR-10-images/train/truck/0182.jpg,truck
../Dataset/CIFAR-10-images/train/frog/0245.jpg,frog
../Dataset/CIFAR-10-images/train/cat/0321.jpg,cat
../Dataset/CIFAR-10-images/train/deer/0370.jpg,deer
../Dataset/CIFAR-10-images/train/ship/0067.jpg,ship
../Dataset/CIFAR-10-images/train/cat/0159.jpg,cat
../Dataset/CIFAR-10-images/train/frog/0050.jpg,frog
../Dataset/CIFAR-10-images/train/bird/0262.jpg,bird
../Dataset/CIFAR-10-images/train/bird/0044.jpg,bird
../Dataset/CIFAR-10-images/train/ship/0114.jpg,ship
../Dataset/CIFAR-10-images/train/ship/0171.jpg,ship
../Dataset/CIFAR-10-images/train/horse/0100.jpg,horse
../Dataset/CIFAR-10-images/train/truck/0097.jpg,truck
../Dataset/CIFAR-10-images/train/truck/0197.jpg,truck
../Dataset/CIFAR-10-images/train/frog/0219.jpg,frog
../Dataset/CIFAR-10-images/train/airplane/0062.jpg,airplane
../Dataset/CIFAR-10-images/train/airplane/0427.jpg,airplane
../Dataset/CIFAR-10-images/train/airplane/0099.jpg,airplane
../Dataset/CIFAR-10-images/train/deer/0033.jpg,deer
../Dataset/CIFAR-10-images/train/frog/0317.jpg,frog
../Dataset/CIFAR-10-images/train/ship/0453.jpg,ship
../Dataset/CIFAR-10-images/train/truck/0449.jpg,truck
../Dataset/CIFAR-10-images/train/airplane/0142.jpg,airplane
../Dataset/CIFAR-10-images/train/truck/0007.jpg,truck
../Dataset/CIFAR-10-images/train/truck/0439.jpg,truck
../Dataset/CIFAR-10-images/train/cat/0047.jpg,cat
../Dataset/CIFAR-10-images/train/horse/0495.jpg,horse
../Dataset/CIFAR-10-images/train/horse/0339.jpg,horse
../Dataset/CIFAR-10-images/train/ship/0467.jpg,ship
../Dataset/CIFAR-10-images/train/deer/0059.jpg,deer
../Dataset/CIFAR-10-images/train/dog/0082.jpg,dog
../Dataset/CIFAR-10-images/train/cat/0225.jpg,cat
../Dataset/CIFAR-10-images/train/bird/0309.jpg,bird
../Dataset/CIFAR-10-images/train/deer/0237.jpg,deer
../Dataset/CIFAR-10-images/train/truck/0296.jpg,truck
../Dataset/CIFAR-10-images/train/dog/0409.jpg,dog
../Dataset/CIFAR-10-images/train/automobile/0031.jpg,automobile
../Dataset/CIFAR-10-images/train/cat/0190.jpg,cat
../Dataset/CIFAR-10-images/train/automobile/0388.jpg,automobile
../Dataset/CIFAR-10-images/train/frog/0351.jpg,frog
../Dataset/CIFAR-10-images/train/horse/0448.jpg,horse
../Dataset/CIFAR-10-images/train/deer/0052.jpg,deer
../Dataset/CIFAR-10-images/train/automobile/0180.jpg,automobile
../Dataset/CIFAR-10-images/train/frog/0135.jpg,frog
../Dataset/CIFAR-10-images/train/truck/0051.jpg,truck
../Dataset/CIFAR-10-images/train/dog/0158.jpg,dog
../Dataset/CIFAR-10-images/train/horse/0007.jpg,horse
../Dataset/CIFAR-10-images/train/deer/0141.jpg,deer
../Dataset/CIFAR-10-images/train/airplane/0160.jpg,airplane
../Dataset/CIFAR-10-images/train/automobile/0423.jpg,automobile
../Dataset/CIFAR-10-images/train/bird/0294.jpg,bird
../Dataset/CIFAR-10-images/train/truck/0003.jpg,truck
../Dataset/CIFAR-10-images/train/deer/0087.jpg,deer
../Dataset/CIFAR-10-images/train/bird/0486.jpg,bird
../Dataset/CIFAR-10-images/train/deer/0173.jpg,deer
../Dataset/CIFAR-10-images/train/horse/0281.jpg,horse
../Dataset/CIFAR-10-images/train/airplane/0450.jpg,airplane
../Dataset/CIFAR-10-images/train/truck/0299.jpg,truck
../Dataset/CIFAR-10-images/train/deer/0424.jpg,deer
../Dataset/CIFAR-10-images/train/horse/0124.jpg,horse
../Dataset/CIFAR-10-images/train/horse/0402.jpg,horse
../Dataset/CIFAR-10-images/train/horse/0257.jpg,horse
../Dataset/CIFAR-10-images/train/horse/0317.jpg,horse
../Dataset/CIFAR-10-images/train/frog/0070.jpg,frog
../Dataset/CIFAR-10-images/train/bird/0401.jpg,bird
../Dataset/CIFAR-10-images/train/horse/0226.jpg,horse
../Dataset/CIFAR-10-images/train/automobile/0337.jpg,automobile
../Dataset/CIFAR-10-images/train/truck/0040.jpg,truck
../Dataset/CIFAR-10-images/train/bird/0077.jpg,bird
../Dataset/CIFAR-10-images/train/horse/0141.jpg,horse
../Dataset/CIFAR-10-images/train/frog/0336.jpg,frog
../Dataset/CIFAR-10-images/train/ship/0147.jpg,ship
../Dataset/CIFAR-10-images/train/frog/0345.jpg,frog
../Dataset/CIFAR-10-images/train/ship/0209.jpg,ship
../Dataset/CIFAR-10-images/train/cat/0070.jpg,cat
../Dataset/CIFAR-10-images/train/deer/0332.jpg,deer
../Dataset/CIFAR-10-images/train/truck/0354.jpg,truck
../Dataset/CIFAR-10-images/train/airplane/0415.jpg,airplane
../Dataset/CIFAR-10-images/train/bird/0213.jpg,bird
../Dataset/CIFAR-10-images/train/bird/0305.jpg,bird
../Dataset/CIFAR-10-images/train/deer/0151.jpg,deer
../Dataset/CIFAR-10-images/train/dog/0401.jpg,dog
../Dataset/CIFAR-10-images/train/ship/0161.jpg,ship
../Dataset/CIFAR-10-images/train/airplane/0040.jpg,airplane
../Dataset/CIFAR-10-images/train/bird/0049.jpg,bird
../Dataset/CIFAR-10-images/train/airplane/0443.jpg,airplane
../Dataset/CIFAR-10-images/train/airplane/0385.jpg,airplane
../Dataset/CIFAR-10-images/train/automobile/0267.jpg,automobile
../Dataset/CIFAR-10-images/train/truck/0231.jpg,truck
../Dataset/CIFAR-10-images/train/horse/0114.jpg,horse
../Dataset/CIFAR-10-images/train/horse/0379.jpg,horse
../Dataset/CIFAR-10-images/train/airplane/0241.jpg,airplane
../Dataset/CIFAR-10-images/train/dog/0283.jpg,dog
../Dataset/CIFAR-10-images/train/airplane/0165.jpg,airplane
../Dataset/CIFAR-10-images/train/cat/0031.jpg,cat
../Dataset/CIFAR-10-images/train/horse/0011.jpg,horse
../Dataset/CIFAR-10-images/train/deer/0439.jpg,deer
../Dataset/CIFAR-10-images/train/airplane/0131.jpg,airplane
../Dataset/CIFAR-10-images/train/horse/0440.jpg,horse
../Dataset/CIFAR-10-images/train/horse/0313.jpg,horse
../Dataset/CIFAR-10-images/train/dog/0256.jpg,dog
../Dataset/CIFAR-10-images/train/airplane/0088.jpg,airplane
../Dataset/CIFAR-10-images/train/airplane/0365.jpg,airplane
../Dataset/CIFAR-10-images/train/automobile/0154.jpg,automobile
../Dataset/CIFAR-10-images/train/dog/0421.jpg,dog
../Dataset/CIFAR-10-images/train/ship/0434.jpg,ship
../Dataset/CIFAR-10-images/train/automobile/0171.jpg,automobile
../Dataset/CIFAR-10-images/train/truck/0309.jpg,truck
../Dataset/CIFAR-10-images/train/ship/0017.jpg,ship
../Dataset/CIFAR-10-images/train/airplane/0354.jpg,airplane
../Dataset/CIFAR-10-images/train/frog/0223.jpg,frog
../Dataset/CIFAR-10-images/train/truck/0440.jpg,truck
../Dataset/CIFAR-10-images/train/dog/0000.jpg,dog
../Dataset/CIFAR-10-images/train/airplane/0126.jpg,airplane
../Dataset/CIFAR-10-images/train/frog/0459.jpg,frog
../Dataset/CIFAR-10-images/train/deer/0349.jpg,deer
../Dataset/CIFAR-10-images/train/airplane/0220.jpg,airplane
../Dataset/CIFAR-10-images/train/deer/0302.jpg,deer
../Dataset/CIFAR-10-images/train/deer/0222.jpg,deer
../Dataset/CIFAR-10-images/train/horse/0305.jpg,horse
../Dataset/CIFAR-10-images/train/dog/0140.jpg,dog
../Dataset/CIFAR-10-images/train/ship/0281.jpg,ship
../Dataset/CIFAR-10-images/train/dog/0462.jpg,dog
../Dataset/CIFAR-10-images/train/frog/0204.jpg,frog
../Dataset/CIFAR-10-images/train/ship/0121.jpg,ship
../Dataset/CIFAR-10-images/train/cat/0143.jpg,cat
../Dataset/CIFAR-10-images/train/frog/0169.jpg,frog
../Dataset/CIFAR-10-images/train/truck/0345.jpg,truck
../Dataset/CIFAR-10-images/train/automobile/0474.jpg,automobile
../Dataset/CIFAR-10-images/train/horse/0445.jpg,horse
../Dataset/CIFAR-10-images/train/dog/0143.jpg,dog
../Dataset/CIFAR-10-images/train/truck/0476.jpg,truck
../Dataset/CIFAR-10-images/train/cat/0339.jpg,cat
../Dataset/CIFAR-10-images/train/ship/0245.jpg,ship
../Dataset/CIFAR-10-images/train/ship/0270.jpg,ship
../Dataset/CIFAR-10-images/train/truck/0029.jpg,truck
../Dataset/CIFAR-10-images/train/ship/0042.jpg,ship
../Dataset/CIFAR-10-images/train/cat/0174.jpg,cat
../Dataset/CIFAR-10-images/train/deer/0018.jpg,deer
../Dataset/CIFAR-10-images/train/truck/0104.jpg,truck
../Dataset/CIFAR-10-images/train/bird/0272.jpg,bird
../Dataset/CIFAR-10-images/train/automobile/0352.jpg,automobile
../Dataset/CIFAR-10-images/train/automobile/0254.jpg,automobile
../Dataset/CIFAR-10-images/train/airplane/0229.jpg,airplane
../Dataset/CIFAR-10-images/train/horse/0375.jpg,horse
../Dataset/CIFAR-10-images/train/dog/0222.jpg,dog
../Dataset/CIFAR-10-images/train/deer/0157.jpg,deer
../Dataset/CIFAR-10-images/train/bird/0438.jpg,bird
../Dataset/CIFAR-10-images/train/horse/0252.jpg,horse
../Dataset/CIFAR-10-images/train/horse/0057.jpg,horse
../Dataset/CIFAR-10-images/train/deer/0134.jpg,deer
../Dataset/CIFAR-10-images/train/dog/0115.jpg,dog
../Dataset/CIFAR-10-images/train/truck/0313.jpg,truck
../Dataset/CIFAR-10-images/train/dog/0493.jpg,dog
../Dataset/CIFAR-10-images/train/frog/0195.jpg,frog
../Dataset/CIFAR-10-images/train/ship/0391.jpg,ship
../Dataset/CIFAR-10-images/train/airplane/0485.jpg,airplane
../Dataset/CIFAR-10-images/train/deer/0330.jpg,deer
../Dataset/CIFAR-10-images/train/horse/0031.jpg,horse
../Dataset/CIFAR-10-images/train/deer/0187.jpg,deer
../Dataset/CIFAR-10-images/train/horse/0262.jpg,horse
../Dataset/CIFAR-10-images/train/horse/0298.jpg,horse
../Dataset/CIFAR-10-images/train/automobile/0293.jpg,automobile
../Dataset/CIFAR-10-images/train/automobile/0424.jpg,automobile
../Dataset/CIFAR-10-images/train/automobile/0268.jpg,automobile
../Dataset/CIFAR-10-images/train/frog/0305.jpg,frog
../Dataset/CIFAR-10-images/train/bird/0315.jpg,bird
../Dataset/CIFAR-10-images/train/horse/0247.jpg,horse
../Dataset/CIFAR-10-images/train/truck/0247.jpg,truck
../Dataset/CIFAR-10-images/train/automobile/0445.jpg,automobile
../Dataset/CIFAR-10-images/train/automobile/0212.jpg,automobile
../Dataset/CIFAR-10-images/train/bird/0034.jpg,bird
../Dataset/CIFAR-10-images/train/ship/0060.jpg,ship
../Dataset/CIFAR-10-images/train/bird/0261.jpg,bird
../Dataset/CIFAR-10-images/train/frog/0113.jpg,frog
../Dataset/CIFAR-10-images/train/dog/0436.jpg,dog
../Dataset/CIFAR-10-images/train/truck/0278.jpg,truck
../Dataset/CIFAR-10-images/train/cat/0252.jpg,cat
../Dataset/CIFAR-10-images/train/cat/0014.jpg,cat
../Dataset/CIFAR-10-images/train/horse/0002.jpg,horse
../Dataset/CIFAR-10-images/train/airplane/0074.jpg,airplane
../Dataset/CIFAR-10-images/train/frog/0249.jpg,frog
../Dataset/CIFAR-10-images/train/deer/0296.jpg,deer
../Dataset/CIFAR-10-images/train/ship/0170.jpg,ship
../Dataset/CIFAR-10-images/train/airplane/0219.jpg,airplane
../Dataset/CIFAR-10-images/train/airplane/0323.jpg,airplane
../Dataset/CIFAR-10-images/train/deer/0129.jpg,deer
../Dataset/CIFAR-10-images/train/dog/0239.jpg,dog
../Dataset/CIFAR-10-images/train/airplane/0212.jpg,airplane
../Dataset/CIFAR-10-images/train/dog/0037.jpg,dog
../Dataset/CIFAR-10-images/train/airplane/0472.jpg,airplane
../Dataset/CIFAR-10-images/train/dog/0017.jpg,dog
../Dataset/CIFAR-10-images/train/automobile/0109.jpg,automobile
../Dataset/CIFAR-10-images/train/bird/0384.jpg,bird
../Dataset/CIFAR-10-images/train/frog/0075.jpg,frog
../Dataset/CIFAR-10-images/train/horse/0340.jpg,horse
../Dataset/CIFAR-10-images/train/ship/0202.jpg,ship
../Dataset/CIFAR-10-images/train/deer/0196.jpg,deer
../Dataset/CIFAR-10-images/train/bird/0129.jpg,bird
../Dataset/CIFAR-10-images/train/bird/0283.jpg,bird
../Dataset/CIFAR-10-images/train/horse/0239.jpg,horse
../Dataset/CIFAR-10-images/train/dog/0070.jpg,dog
../Dataset/CIFAR-10-images/train/cat/0486.jpg,cat
../Dataset/CIFAR-10-images/train/ship/0417.jpg,ship
../Dataset/CIFAR-10-images/train/automobile/0472.jpg,automobile
../Dataset/CIFAR-10-images/train/horse/0477.jpg,horse
../Dataset/CIFAR-10-images/train/airplane/0164.jpg,airplane
../Dataset/CIFAR-10-images/train/dog/0006.jpg,dog
../Dataset/CIFAR-10-images/train/ship/0215.jpg,ship
../Dataset/CIFAR-10-images/train/deer/0158.jpg,deer
../Dataset/CIFAR-10-images/train/bird/0329.jpg,bird
../Dataset/CIFAR-10-images/train/truck/0014.jpg,truck
../Dataset/CIFAR-10-images/train/bird/0375.jpg,bird
../Dataset/CIFAR-10-images/train/dog/0116.jpg,dog
../Dataset/CIFAR-10-images/train/dog/0467.jpg,dog
../Dataset/CIFAR-10-images/train/frog/0357.jpg,frog
../Dataset/CIFAR-10-images/train/deer/0095.jpg,deer
../Dataset/CIFAR-10-images/train/cat/0148.jpg,cat
../Dataset/CIFAR-10-images/train/deer/0112.jpg,deer
../Dataset/CIFAR-10-images/train/bird/0244.jpg,bird
../Dataset/CIFAR-10-images/train/deer/0245.jpg,deer
../Dataset/CIFAR-10-images/train/truck/0004.jpg,truck
../Dataset/CIFAR-10-images/train/dog/0259.jpg,dog
../Dataset/CIFAR-10-images/train/airplane/0307.jpg,airplane
../Dataset/CIFAR-10-images/train/airplane/0200.jpg,airplane
../Dataset/CIFAR-10-images/train/truck/0344.jpg,truck
../Dataset/CIFAR-10-images/train/ship/0414.jpg,ship
../Dataset/CIFAR-10-images/train/cat/0189.jpg,cat
../Dataset/CIFAR-10-images/train/cat/0084.jpg,cat
../Dataset/CIFAR-10-images/train/ship/0499.jpg,ship
../Dataset/CIFAR-10-images/train/cat/0406.jpg,cat
../Dataset/CIFAR-10-images/train/ship/0022.jpg,ship
../Dataset/CIFAR-10-images/train/cat/0374.jpg,cat
../Dataset/CIFAR-10-images/train/cat/0111.jpg,cat
../Dataset/CIFAR-10-images/train/deer/0253.jpg,deer
../Dataset/CIFAR-10-images/train/dog/0390.jpg,dog
../Dataset/CIFAR-10-images/train/horse/0389.jpg,horse
../Dataset/CIFAR-10-images/train/horse/0115.jpg,horse
../Dataset/CIFAR-10-images/train/airplane/0064.jpg,airplane
../Dataset/CIFAR-10-images/train/horse/0220.jpg,horse
../Dataset/CIFAR-10-images/train/cat/0230.jpg,cat
../Dataset/CIFAR-10-images/train/deer/0307.jpg,deer
../Dataset/CIFAR-10-images/train/airplane/0002.jpg,airplane
../Dataset/CIFAR-10-images/train/truck/0429.jpg,truck
../Dataset/CIFAR-10-images/train/deer/0049.jpg,deer
../Dataset/CIFAR-10-images/train/bird/0135.jpg,bird
../Dataset/CIFAR-10-images/train/dog/0418.jpg,dog
../Dataset/CIFAR-10-images/train/automobile/0442.jpg,automobile
../Dataset/CIFAR-10-images/train/bird/0040.jpg,bird
../Dataset/CIFAR-10-images/train/automobile/0072.jpg,automobile
../Dataset/CIFAR-10-images/train/deer/0016.jpg,deer
../Dataset/CIFAR-10-images/train/truck/0091.jpg,truck
../Dataset/CIFAR-10-images/train/cat/0138.jpg,cat
../Dataset/CIFAR-10-images/train/automobile/0477.jpg,automobile
../Dataset/CIFAR-10-images/train/ship/0492.jpg,ship
../Dataset/CIFAR-10-images/train/automobile/0077.jpg,automobile
../Dataset/CIFAR-10-images/train/dog/0038.jpg,dog
../Dataset/CIFAR-10-images/train/deer/0048.jpg,deer
../Dataset/CIFAR-10-images/train/automobile/0434.jpg,automobile
../Dataset/CIFAR-10-images/train/automobile/0448.jpg,automobile
../Dataset/CIFAR-10-images/train/frog/0036.jpg,frog
../Dataset/CIFAR-10-images/train/ship/0023.jpg,ship
../Dataset/CIFAR-10-images/train/automobile/0024.jpg,automobile
../Dataset/CIFAR-10-images/train/dog/0225.jpg,dog
../Dataset/CIFAR-10-images/train/horse/0105.jpg,horse
../Dataset/CIFAR-10-images/train/airplane/0402.jpg,airplane
../Dataset/CIFAR-10-images/train/automobile/0115.jpg,automobile
../Dataset/CIFAR-10-images/train/horse/0447.jpg,horse
../Dataset/CIFAR-10-images/train/bird/0371.jpg,bird
../Dataset/CIFAR-10-images/train/airplane/0246.jpg,airplane
../Dataset/CIFAR-10-images/train/dog/0210.jpg,dog
../Dataset/CIFAR-10-images/train/horse/0336.jpg,horse
../Dataset/CIFAR-10-images/train/airplane/0058.jpg,airplane
../Dataset/CIFAR-10-images/train/automobile/0117.jpg,automobile
../Dataset/CIFAR-10-images/train/deer/0280.jpg,deer
../Dataset/CIFAR-10-images/train/dog/0353.jpg,dog
../Dataset/CIFAR-10-images/train/airplane/0207.jpg,airplane
../Dataset/CIFAR-10-images/train/deer/0386.jpg,deer
../Dataset/CIFAR-10-images/train/dog/0367.jpg,dog
../Dataset/CIFAR-10-images/train/horse/0028.jpg,horse
../Dataset/CIFAR-10-images/train/truck/0259.jpg,truck
../Dataset/CIFAR-10-images/train/cat/0057.jpg,cat
../Dataset/CIFAR-10-images/train/bird/0299.jpg,bird
../Dataset/CIFAR-10-images/train/deer/0221.jpg,deer
../Dataset/CIFAR-10-images/train/deer/0319.jpg,deer
../Dataset/CIFAR-10-images/train/airplane/0396.jpg,airplane
../Dataset/CIFAR-10-images/train/automobile/0088.jpg,automobile
../Dataset/CIFAR-10-images/train/truck/0101.jpg,truck
../Dataset/CIFAR-10-images/train/cat/0035.jpg,cat
../Dataset/CIFAR-10-images/train/bird/0104.jpg,bird
../Dataset/CIFAR-10-images/train/bird/0154.jpg,bird
../Dataset/CIFAR-10-images/train/horse/0368.jpg,horse
../Dataset/CIFAR-10-images/train/horse/0089.jpg,horse
../Dataset/CIFAR-10-images/train/cat/0414.jpg,cat
../Dataset/CIFAR-10-images/train/deer/0192.jpg,deer
../Dataset/CIFAR-10-images/train/cat/0219.jpg,cat
../Dataset/CIFAR-10-images/train/bird/0457.jpg,bird
../Dataset/CIFAR-10-images/train/bird/0048.jpg,bird
../Dataset/CIFAR-10-images/train/horse/0452.jpg,horse
../Dataset/CIFAR-10-images/train/cat/0210.jpg,cat
../Dataset/CIFAR-10-images/train/truck/0036.jpg,truck
../Dataset/CIFAR-10-images/train/bird/0059.jpg,bird
../Dataset/CIFAR-10-images/train/truck/0393.jpg,truck
../Dataset/CIFAR-10-images/train/deer/0305.jpg,deer
../Dataset/CIFAR-10-images/train/frog/0038.jpg,frog
../Dataset/CIFAR-10-images/train/truck/0357.jpg,truck
../Dataset/CIFAR-10-images/train/ship/0380.jpg,ship
../Dataset/CIFAR-10-images/train/dog/0416.jpg,dog
../Dataset/CIFAR-10-images/train/ship/0482.jpg,ship
../Dataset/CIFAR-10-images/train/bird/0307.jpg,bird
../Dataset/CIFAR-10-images/train/horse/0464.jpg,horse
../Dataset/CIFAR-10-images/train/frog/0259.jpg,frog
../Dataset/CIFAR-10-images/train/frog/0114.jpg,frog
../Dataset/CIFAR-10-images/train/dog/0188.jpg,dog
../Dataset/CIFAR-10-images/train/frog/0338.jpg,frog
../Dataset/CIFAR-10-images/train/airplane/0467.jpg,airplane
../Dataset/CIFAR-10-images/train/truck/0375.jpg,truck
../Dataset/CIFAR-10-images/train/airplane/0446.jpg,airplane
../Dataset/CIFAR-10-images/train/ship/0134.jpg,ship
../Dataset/CIFAR-10-images/train/cat/0431.jpg,cat
../Dataset/CIFAR-10-images/train/automobile/0172.jpg,automobile
../Dataset/CIFAR-10-images/train/cat/0498.jpg,cat
../Dataset/CIFAR-10-images/train/horse/0182.jpg,horse
../Dataset/CIFAR-10-images/train/horse/0399.jpg,horse
../Dataset/CIFAR-10-images/train/horse/0208.jpg,horse
../Dataset/CIFAR-10-images/train/horse/0291.jpg,horse
../Dataset/CIFAR-10-images/train/dog/0447.jpg,dog
../Dataset/CIFAR-10-images/train/airplane/0001.jpg,airplane
../Dataset/CIFAR-10-images/train/ship/0013.jpg,ship
../Dataset/CIFAR-10-images/train/horse/0345.jpg,horse
../Dataset/CIFAR-10-images/train/bird/0170.jpg,bird
../Dataset/CIFAR-10-images/train/airplane/0067.jpg,airplane
../Dataset/CIFAR-10-images/train/frog/0371.jpg,frog
../Dataset/CIFAR-10-images/train/airplane/0023.jpg,airplane
../Dataset/CIFAR-10-images/train/ship/0120.jpg,ship
../Dataset/CIFAR-10-images/train/airplane/0238.jpg,airplane
../Dataset/CIFAR-10-images/train/dog/0067.jpg,dog
../Dataset/CIFAR-10-images/train/bird/0251.jpg,bird
../Dataset/CIFAR-10-images/train/bird/0100.jpg,bird
../Dataset/CIFAR-10-images/train/automobile/0277.jpg,automobile
../Dataset/CIFAR-10-images/train/deer/0213.jpg,deer
../Dataset/CIFAR-10-images/train/airplane/0075.jpg,airplane
../Dataset/CIFAR-10-images/train/automobile/0457.jpg,automobile
../Dataset/CIFAR-10-images/train/automobile/0466.jpg,automobile
../Dataset/CIFAR-10-images/train/automobile/0114.jpg,automobile
../Dataset/CIFAR-10-images/train/frog/0157.jpg,frog
../Dataset/CIFAR-10-images/train/airplane/0080.jpg,airplane
../Dataset/CIFAR-10-images/train/bird/0057.jpg,bird
../Dataset/CIFAR-10-images/train/truck/0152.jpg,truck
../Dataset/CIFAR-10-images/train/deer/0234.jpg,deer
../Dataset/CIFAR-10-images/train/airplane/0183.jpg,airplane
../Dataset/CIFAR-10-images/train/truck/0059.jpg,truck
../Dataset/CIFAR-10-images/train/cat/0298.jpg,cat
../Dataset/CIFAR-10-images/train/ship/0087.jpg,ship
../Dataset/CIFAR-10-images/train/automobile/0409.jpg,automobile
../Dataset/CIFAR-10-images/train/automobile/0226.jpg,automobile
../Dataset/CIFAR-10-images/train/horse/0358.jpg,horse
../Dataset/CIFAR-10-images/train/airplane/0057.jpg,airplane
../Dataset/CIFAR-10-images/train/horse/0134.jpg,horse
../Dataset/CIFAR-10-images/train/truck/0220.jpg,truck
../Dataset/CIFAR-10-images/train/ship/0275.jpg,ship
../Dataset/CIFAR-10-images/train/ship/0219.jpg,ship
../Dataset/CIFAR-10-images/train/cat/0329.jpg,cat
../Dataset/CIFAR-10-images/train/cat/0336.jpg,cat
../Dataset/CIFAR-10-images/train/dog/0224.jpg,dog
../Dataset/CIFAR-10-images/train/cat/0262.jpg,cat
../Dataset/CIFAR-10-images/train/airplane/0100.jpg,airplane
../Dataset/CIFAR-10-images/train/frog/0328.jpg,frog
../Dataset/CIFAR-10-images/train/ship/0140.jpg,ship
../Dataset/CIFAR-10-images/train/frog/0306.jpg,frog
../Dataset/CIFAR-10-images/train/bird/0162.jpg,bird
../Dataset/CIFAR-10-images/train/frog/0396.jpg,frog
../Dataset/CIFAR-10-images/train/cat/0386.jpg,cat
../Dataset/CIFAR-10-images/train/cat/0266.jpg,cat
../Dataset/CIFAR-10-images/train/horse/0241.jpg,horse
../Dataset/CIFAR-10-images/train/bird/0412.jpg,bird
../Dataset/CIFAR-10-images/train/ship/0238.jpg,ship
../Dataset/CIFAR-10-images/train/automobile/0096.jpg,automobile
../Dataset/CIFAR-10-images/train/horse/0359.jpg,horse
../Dataset/CIFAR-10-images/train/dog/0323.jpg,dog
../Dataset/CIFAR-10-images/train/cat/0144.jpg,cat
../Dataset/CIFAR-10-images/train/frog/0035.jpg,frog
../Dataset/CIFAR-10-images/train/truck/0195.jpg,truck
../Dataset/CIFAR-10-images/train/airplane/0039.jpg,airplane
../Dataset/CIFAR-10-images/train/airplane/0133.jpg,airplane
../Dataset/CIFAR-10-images/train/cat/0002.jpg,cat
../Dataset/CIFAR-10-images/train/horse/0070.jpg,horse
../Dataset/CIFAR-10-images/train/cat/0068.jpg,cat
../Dataset/CIFAR-10-images/train/airplane/0381.jpg,airplane
../Dataset/CIFAR-10-images/train/frog/0130.jpg,frog
../Dataset/CIFAR-10-images/train/automobile/0280.jpg,automobile
../Dataset/CIFAR-10-images/train/deer/0491.jpg,deer
../Dataset/CIFAR-10-images/train/bird/0403.jpg,bird
../Dataset/CIFAR-10-images/train/ship/0322.jpg,ship
../Dataset/CIFAR-10-images/train/ship/0274.jpg,ship
../Dataset/CIFAR-10-images/train/cat/0245.jpg,cat
../Dataset/CIFAR-10-images/train/ship/0485.jpg,ship
../Dataset/CIFAR-10-images/train/deer/0462.jpg,deer
../Dataset/CIFAR-10-images/train/airplane/0290.jpg,airplane
../Dataset/CIFAR-10-images/train/airplane/0000.jpg,airplane
../Dataset/CIFAR-10-images/train/truck/0057.jpg,truck
../Dataset/CIFAR-10-images/train/truck/0445.jpg,truck
../Dataset/CIFAR-10-images/train/bird/0360.jpg,bird
../Dataset/CIFAR-10-images/train/dog/0110.jpg,dog
../Dataset/CIFAR-10-images/train/airplane/0071.jpg,airplane
../Dataset/CIFAR-10-images/train/automobile/0155.jpg,automobile
../Dataset/CIFAR-10-images/train/truck/0369.jpg,truck
../Dataset/CIFAR-10-images/train/bird/0062.jpg,bird
../Dataset/CIFAR-10-images/train/frog/0193.jpg,frog
../Dataset/CIFAR-10-images/train/automobile/0403.jpg,automobile
../Dataset/CIFAR-10-images/train/ship/0297.jpg,ship
../Dataset/CIFAR-10-images/train/horse/0157.jpg,horse
../Dataset/CIFAR-10-images/train/frog/0055.jpg,frog
../Dataset/CIFAR-10-images/train/horse/0198.jpg,horse
../Dataset/CIFAR-10-images/train/bird/0425.jpg,bird
../Dataset/CIFAR-10-images/train/ship/0253.jpg,ship
../Dataset/CIFAR-10-images/train/ship/0242.jpg,ship
../Dataset/CIFAR-10-images/train/truck/0166.jpg,truck
../Dataset/CIFAR-10-images/train/truck/0465.jpg,truck
../Dataset/CIFAR-10-images/train/horse/0355.jpg,horse
../Dataset/CIFAR-10-images/train/bird/0469.jpg,bird
../Dataset/CIFAR-10-images/train/dog/0202.jpg,dog
../Dataset/CIFAR-10-images/train/bird/0253.jpg,bird
../Dataset/CIFAR-10-images/train/airplane/0218.jpg,airplane
../Dataset/CIFAR-10-images/train/truck/0099.jpg,truck
../Dataset/CIFAR-10-images/train/cat/0344.jpg,cat
../Dataset/CIFAR-10-images/train/automobile/0135.jpg,automobile
../Dataset/CIFAR-10-images/train/dog/0197.jpg,dog
../Dataset/CIFAR-10-images/train/frog/0337.jpg,frog
../Dataset/CIFAR-10-images/train/cat/0373.jpg,cat
../Dataset/CIFAR-10-images/train/airplane/0300.jpg,airplane
../Dataset/CIFAR-10-images/train/ship/0480.jpg,ship
../Dataset/CIFAR-10-images/train/dog/0021.jpg,dog
../Dataset/CIFAR-10-images/train/dog/0426.jpg,dog
../Dataset/CIFAR-10-images/train/frog/0083.jpg,frog
../Dataset/CIFAR-10-images/train/cat/0492.jpg,cat
../Dataset/CIFAR-10-images/train/horse/0069.jpg,horse
../Dataset/CIFAR-10-images/train/dog/0012.jpg,dog
../Dataset/CIFAR-10-images/train/automobile/0357.jpg,automobile
../Dataset/CIFAR-10-images/train/cat/0360.jpg,cat
../Dataset/CIFAR-10-images/train/cat/0011.jpg,cat
../Dataset/CIFAR-10-images/train/automobile/0435.jpg,automobile
../Dataset/CIFAR-10-images/train/dog/0340.jpg,dog
../Dataset/CIFAR-10-images/train/cat/0003.jpg,cat
../Dataset/CIFAR-10-images/train/cat/0440.jpg,cat
../Dataset/CIFAR-10-images/train/horse/0177.jpg,horse
../Dataset/CIFAR-10-images/train/truck/0293.jpg,truck
../Dataset/CIFAR-10-images/train/dog/0455.jpg,dog
../Dataset/CIFAR-10-images/train/deer/0471.jpg,deer
../Dataset/CIFAR-10-images/train/truck/0403.jpg,truck
../Dataset/CIFAR-10-images/train/horse/0308.jpg,horse
../Dataset/CIFAR-10-images/train/dog/0039.jpg,dog
../Dataset/CIFAR-10-images/train/truck/0058.jpg,truck
../Dataset/CIFAR-10-images/train/bird/0362.jpg,bird
../Dataset/CIFAR-10-images/train/dog/0444.jpg,dog
../Dataset/CIFAR-10-images/train/airplane/0187.jpg,airplane
../Dataset/CIFAR-10-images/train/ship/0473.jpg,ship
../Dataset/CIFAR-10-images/train/ship/0364.jpg,ship
../Dataset/CIFAR-10-images/train/truck/0399.jpg,truck
../Dataset/CIFAR-10-images/train/airplane/0173.jpg,airplane
../Dataset/CIFAR-10-images/train/deer/0200.jpg,deer
../Dataset/CIFAR-10-images/train/horse/0180.jpg,horse
../Dataset/CIFAR-10-images/train/dog/0068.jpg,dog
../Dataset/CIFAR-10-images/train/cat/0132.jpg,cat
../Dataset/CIFAR-10-images/train/automobile/0026.jpg,automobile
../Dataset/CIFAR-10-images/train/cat/0175.jpg,cat
../Dataset/CIFAR-10-images/train/dog/0250.jpg,dog
../Dataset/CIFAR-10-images/train/dog/0437.jpg,dog
../Dataset/CIFAR-10-images/train/truck/0143.jpg,truck
../Dataset/CIFAR-10-images/train/truck/0251.jpg,truck
../Dataset/CIFAR-10-images/train/ship/0085.jpg,ship
../Dataset/CIFAR-10-images/train/frog/0230.jpg,frog
../Dataset/CIFAR-10-images/train/airplane/0340.jpg,airplane
../Dataset/CIFAR-10-images/train/horse/0085.jpg,horse
../Dataset/CIFAR-10-images/train/bird/0228.jpg,bird
../Dataset/CIFAR-10-images/train/truck/0203.jpg,truck
../Dataset/CIFAR-10-images/train/frog/0136.jpg,frog
../Dataset/CIFAR-10-images/train/cat/0405.jpg,cat
../Dataset/CIFAR-10-images/train/deer/0073.jpg,deer
../Dataset/CIFAR-10-images/train/deer/0149.jpg,deer
../Dataset/CIFAR-10-images/train/truck/0405.jpg,truck
../Dataset/CIFAR-10-images/train/dog/0010.jpg,dog
../Dataset/CIFAR-10-images/train/frog/0154.jpg,frog
../Dataset/CIFAR-10-images/train/truck/0261.jpg,truck
../Dataset/CIFAR-10-images/train/truck/0256.jpg,truck
../Dataset/CIFAR-10-images/train/automobile/0327.jpg,automobile
../Dataset/CIFAR-10-images/train/deer/0438.jpg,deer
../Dataset/CIFAR-10-images/train/airplane/0478.jpg,airplane
../Dataset/CIFAR-10-images/train/ship/0082.jpg,ship
../Dataset/CIFAR-10-images/train/horse/0261.jpg,horse
../Dataset/CIFAR-10-images/train/truck/0371.jpg,truck
../Dataset/CIFAR-10-images/train/deer/0175.jpg,deer
../Dataset/CIFAR-10-images/train/truck/0079.jpg,truck
../Dataset/CIFAR-10-images/train/dog/0400.jpg,dog
../Dataset/CIFAR-10-images/train/dog/0175.jpg,dog
../Dataset/CIFAR-10-images/train/bird/0411.jpg,bird
../Dataset/CIFAR-10-images/train/airplane/0213.jpg,airplane
../Dataset/CIFAR-10-images/train/cat/0323.jpg,cat
../Dataset/CIFAR-10-images/train/truck/0176.jpg,truck
../Dataset/CIFAR-10-images/train/frog/0158.jpg,frog
../Dataset/CIFAR-10-images/train/dog/0058.jpg,dog
../Dataset/CIFAR-10-images/train/horse/0274.jpg,horse
../Dataset/CIFAR-10-images/train/horse/0404.jpg,horse
../Dataset/CIFAR-10-images/train/dog/0005.jpg,dog
../Dataset/CIFAR-10-images/train/cat/0016.jpg,cat
../Dataset/CIFAR-10-images/train/frog/0256.jpg,frog
../Dataset/CIFAR-10-images/train/dog/0302.jpg,dog
../Dataset/CIFAR-10-images/train/frog/0231.jpg,frog
../Dataset/CIFAR-10-images/train/bird/0090.jpg,bird
../Dataset/CIFAR-10-images/train/frog/0264.jpg,frog
../Dataset/CIFAR-10-images/train/automobile/0330.jpg,automobile
../Dataset/CIFAR-10-images/train/deer/0461.jpg,deer
../Dataset/CIFAR-10-images/train/ship/0371.jpg,ship
../Dataset/CIFAR-10-images/train/dog/0488.jpg,dog
../Dataset/CIFAR-10-images/train/horse/0381.jpg,horse
../Dataset/CIFAR-10-images/train/horse/0301.jpg,horse
../Dataset/CIFAR-10-images/train/airplane/0464.jpg,airplane
../Dataset/CIFAR-10-images/train/bird/0063.jpg,bird
../Dataset/CIFAR-10-images/train/airplane/0475.jpg,airplane
../Dataset/CIFAR-10-images/train/airplane/0196.jpg,airplane
../Dataset/CIFAR-10-images/train/ship/0286.jpg,ship
../Dataset/CIFAR-10-images/train/automobile/0208.jpg,automobile
../Dataset/CIFAR-10-images/train/deer/0106.jpg,deer
../Dataset/CIFAR-10-images/train/truck/0160.jpg,truck
../Dataset/CIFAR-10-images/train/frog/0082.jpg,frog
../Dataset/CIFAR-10-images/train/ship/0158.jpg,ship
../Dataset/CIFAR-10-images/train/ship/0127.jpg,ship
../Dataset/CIFAR-10-images/train/truck/0013.jpg,truck
../Dataset/CIFAR-10-images/train/frog/0466.jpg,frog
../Dataset/CIFAR-10-images/train/frog/0344.jpg,frog
../Dataset/CIFAR-10-images/train/cat/0180.jpg,cat
../Dataset/CIFAR-10-images/train/cat/0319.jpg,cat
../Dataset/CIFAR-10-images/train/deer/0084.jpg,deer
../Dataset/CIFAR-10-images/train/dog/0124.jpg,dog
../Dataset/CIFAR-10-images/train/cat/0291.jpg,cat
../Dataset/CIFAR-10-images/train/bird/0308.jpg,bird
../Dataset/CIFAR-10-images/train/airplane/0421.jpg,airplane
../Dataset/CIFAR-10-images/train/horse/0304.jpg,horse
../Dataset/CIFAR-10-images/train/horse/0093.jpg,horse
../Dataset/CIFAR-10-images/train/horse/0155.jpg,horse
../Dataset/CIFAR-10-images/train/horse/0013.jpg,horse
../Dataset/CIFAR-10-images/train/deer/0482.jpg,deer
../Dataset/CIFAR-10-images/train/bird/0179.jpg,bird
../Dataset/CIFAR-10-images/train/frog/0107.jpg,frog
../Dataset/CIFAR-10-images/train/truck/0277.jpg,truck
../Dataset/CIFAR-10-images/train/frog/0128.jpg,frog
../Dataset/CIFAR-10-images/train/dog/0268.jpg,dog
../Dataset/CIFAR-10-images/train/automobile/0426.jpg,automobile
../Dataset/CIFAR-10-images/train/airplane/0259.jpg,airplane
../Dataset/CIFAR-10-images/train/frog/0400.jpg,frog
../Dataset/CIFAR-10-images/train/bird/0321.jpg,bird
../Dataset/CIFAR-10-images/train/ship/0345.jpg,ship
../Dataset/CIFAR-10-images/train/truck/0139.jpg,truck
../Dataset/CIFAR-10-images/train/automobile/0041.jpg,automobile
../Dataset/CIFAR-10-images/train/deer/0128.jpg,deer
../Dataset/CIFAR-10-images/train/truck/0269.jpg,truck
../Dataset/CIFAR-10-images/train/frog/0339.jpg,frog
../Dataset/CIFAR-10-images/train/truck/0060.jpg,truck
../Dataset/CIFAR-10-images/train/ship/0063.jpg,ship
../Dataset/CIFAR-10-images/train/horse/0372.jpg,horse
../Dataset/CIFAR-10-images/train/dog/0160.jpg,dog
../Dataset/CIFAR-10-images/train/truck/0382.jpg,truck
../Dataset/CIFAR-10-images/train/horse/0099.jpg,horse
../Dataset/CIFAR-10-images/train/bird/0139.jpg,bird
../Dataset/CIFAR-10-images/train/cat/0093.jpg,cat
../Dataset/CIFAR-10-images/train/horse/0186.jpg,horse
../Dataset/CIFAR-10-images/train/truck/0082.jpg,truck
../Dataset/CIFAR-10-images/train/horse/0113.jpg,horse
../Dataset/CIFAR-10-images/train/automobile/0377.jpg,automobile
../Dataset/CIFAR-10-images/train/airplane/0015.jpg,airplane
../Dataset/CIFAR-10-images/train/airplane/0243.jpg,airplane
../Dataset/CIFAR-10-images/train/cat/0270.jpg,cat
../Dataset/CIFAR-10-images/train/deer/0327.jpg,deer
../Dataset/CIFAR-10-images/train/airplane/0005.jpg,airplane
../Dataset/CIFAR-10-images/train/airplane/0352.jpg,airplane
../Dataset/CIFAR-10-images/train/automobile/0116.jpg,automobile
../Dataset/CIFAR-10-images/train/horse/0341.jpg,horse
../Dataset/CIFAR-10-images/train/ship/0468.jpg,ship
../Dataset/CIFAR-10-images/train/horse/0346.jpg,horse
../Dataset/CIFAR-10-images/train/cat/0021.jpg,cat
../Dataset/CIFAR-10-images/train/horse/0406.jpg,horse
../Dataset/CIFAR-10-images/train/bird/0194.jpg,bird
../Dataset/CIFAR-10-images/train/truck/0385.jpg,truck
../Dataset/CIFAR-10-images/train/automobile/0425.jpg,automobile
../Dataset/CIFAR-10-images/train/horse/0143.jpg,horse
../Dataset/CIFAR-10-images/train/truck/0069.jpg,truck
../Dataset/CIFAR-10-images/train/ship/0095.jpg,ship
../Dataset/CIFAR-10-images/train/cat/0342.jpg,cat
../Dataset/CIFAR-10-images/train/ship/0357.jpg,ship
../Dataset/CIFAR-10-images/train/truck/0274.jpg,truck
../Dataset/CIFAR-10-images/train/bird/0330.jpg,bird
../Dataset/CIFAR-10-images/train/dog/0281.jpg,dog
../Dataset/CIFAR-10-images/train/deer/0209.jpg,deer
../Dataset/CIFAR-10-images/train/dog/0429.jpg,dog
../Dataset/CIFAR-10-images/train/dog/0297.jpg,dog
../Dataset/CIFAR-10-images/train/deer/0121.jpg,deer
../Dataset/CIFAR-10-images/train/cat/0234.jpg,cat
../Dataset/CIFAR-10-images/train/horse/0415.jpg,horse
../Dataset/CIFAR-10-images/train/truck/0364.jpg,truck
../Dataset/CIFAR-10-images/train/horse/0396.jpg,horse
../Dataset/CIFAR-10-images/train/horse/0217.jpg,horse
../Dataset/CIFAR-10-images/train/airplane/0145.jpg,airplane
../Dataset/CIFAR-10-images/train/ship/0488.jpg,ship
../Dataset/CIFAR-10-images/train/airplane/0139.jpg,airplane
../Dataset/CIFAR-10-images/train/deer/0183.jpg,deer
../Dataset/CIFAR-10-images/train/dog/0137.jpg,dog
../Dataset/CIFAR-10-images/train/frog/0278.jpg,frog
../Dataset/CIFAR-10-images/train/ship/0330.jpg,ship
../Dataset/CIFAR-10-images/train/automobile/0004.jpg,automobile
../Dataset/CIFAR-10-images/train/frog/0177.jpg,frog
../Dataset/CIFAR-10-images/train/frog/0429.jpg,frog
../Dataset/CIFAR-10-images/train/horse/0005.jpg,horse
../Dataset/CIFAR-10-images/train/automobile/0193.jpg,automobile
../Dataset/CIFAR-10-images/train/frog/0065.jpg,frog
../Dataset/CIFAR-10-images/train/airplane/0178.jpg,airplane
../Dataset/CIFAR-10-images/train/automobile/0289.jpg,automobile
../Dataset/CIFAR-10-images/train/deer/0437.jpg,deer
../Dataset/CIFAR-10-images/train/dog/0282.jpg,dog
../Dataset/CIFAR-10-images/train/deer/0377.jpg,deer
../Dataset/CIFAR-10-images/train/cat/0331.jpg,cat
../Dataset/CIFAR-10-images/train/bird/0484.jpg,bird
../Dataset/CIFAR-10-images/train/ship/0320.jpg,ship
../Dataset/CIFAR-10-images/train/dog/0044.jpg,dog
../Dataset/CIFAR-10-images/train/truck/0332.jpg,truck
../Dataset/CIFAR-10-images/train/truck/0075.jpg,truck
../Dataset/CIFAR-10-images/train/frog/0175.jpg,frog
../Dataset/CIFAR-10-images/train/bird/0288.jpg,bird
../Dataset/CIFAR-10-images/train/airplane/0267.jpg,airplane
../Dataset/CIFAR-10-images/train/cat/0429.jpg,cat
../Dataset/CIFAR-10-images/train/cat/0279.jpg,cat
../Dataset/CIFAR-10-images/train/deer/0071.jpg,deer
../Dataset/CIFAR-10-images/train/airplane/0346.jpg,airplane
../Dataset/CIFAR-10-images/train/horse/0148.jpg,horse
../Dataset/CIFAR-10-images/train/airplane/0499.jpg,airplane
../Dataset/CIFAR-10-images/train/horse/0386.jpg,horse
../Dataset/CIFAR-10-images/train/deer/0263.jpg,deer
../Dataset/CIFAR-10-images/train/automobile/0429.jpg,automobile
../Dataset/CIFAR-10-images/train/deer/0284.jpg,deer
../Dataset/CIFAR-10-images/train/deer/0291.jpg,deer
../Dataset/CIFAR-10-images/train/ship/0450.jpg,ship
../Dataset/CIFAR-10-images/train/cat/0271.jpg,cat
../Dataset/CIFAR-10-images/train/deer/0329.jpg,deer
../Dataset/CIFAR-10-images/train/automobile/0451.jpg,automobile
../Dataset/CIFAR-10-images/train/horse/0414.jpg,horse
../Dataset/CIFAR-10-images/train/airplane/0202.jpg,airplane
../Dataset/CIFAR-10-images/train/cat/0490.jpg,cat
../Dataset/CIFAR-10-images/train/truck/0102.jpg,truck
../Dataset/CIFAR-10-images/train/truck/0187.jpg,truck
../Dataset/CIFAR-10-images/train/airplane/0428.jpg,airplane
../Dataset/CIFAR-10-images/train/dog/0329.jpg,dog
../Dataset/CIFAR-10-images/train/dog/0192.jpg,dog
../Dataset/CIFAR-10-images/train/automobile/0312.jpg,automobile
../Dataset/CIFAR-10-images/train/cat/0320.jpg,cat
../Dataset/CIFAR-10-images/train/airplane/0372.jpg,airplane
../Dataset/CIFAR-10-images/train/frog/0014.jpg,frog
../Dataset/CIFAR-10-images/train/deer/0239.jpg,deer
../Dataset/CIFAR-10-images/train/ship/0248.jpg,ship
../Dataset/CIFAR-10-images/train/automobile/0151.jpg,automobile
../Dataset/CIFAR-10-images/train/deer/0413.jpg,deer
../Dataset/CIFAR-10-images/train/horse/0488.jpg,horse
../Dataset/CIFAR-10-images/train/cat/0061.jpg,cat
../Dataset/CIFAR-10-images/train/cat/0237.jpg,cat
../Dataset/CIFAR-10-images/train/truck/0085.jpg,truck
../Dataset/CIFAR-10-images/train/automobile/0089.jpg,automobile
../Dataset/CIFAR-10-images/train/dog/0427.jpg,dog
../Dataset/CIFAR-10-images/train/automobile/0169.jpg,automobile
../Dataset/CIFAR-10-images/train/airplane/0121.jpg,airplane
../Dataset/CIFAR-10-images/train/ship/0204.jpg,ship
../Dataset/CIFAR-10-images/train/frog/0248.jpg,frog
../Dataset/CIFAR-10-images/train/automobile/0119.jpg,automobile
../Dataset/CIFAR-10-images/train/airplane/0470.jpg,airplane
../Dataset/CIFAR-10-images/train/airplane/0368.jpg,airplane
../Dataset/CIFAR-10-images/train/automobile/0493.jpg,automobile
../Dataset/CIFAR-10-images/train/horse/0458.jpg,horse
../Dataset/CIFAR-10-images/train/truck/0183.jpg,truck
../Dataset/CIFAR-10-images/train/ship/0437.jpg,ship
../Dataset/CIFAR-10-images/train/bird/0121.jpg,bird
../Dataset/CIFAR-10-images/train/horse/0228.jpg,horse
../Dataset/CIFAR-10-images/train/deer/0215.jpg,deer
../Dataset/CIFAR-10-images/train/truck/0145.jpg,truck
../Dataset/CIFAR-10-images/train/cat/0066.jpg,cat
../Dataset/CIFAR-10-images/train/horse/0483.jpg,horse
../Dataset/CIFAR-10-images/train/horse/0185.jpg,horse
../Dataset/CIFAR-10-images/train/frog/0394.jpg,frog
../Dataset/CIFAR-10-images/train/horse/0344.jpg,horse
../Dataset/CIFAR-10-images/train/airplane/0465.jpg,airplane
../Dataset/CIFAR-10-images/train/automobile/0295.jpg,automobile
../Dataset/CIFAR-10-images/train/frog/0456.jpg,frog
../Dataset/CIFAR-10-images/train/horse/0023.jpg,horse
../Dataset/CIFAR-10-images/train/deer/0104.jpg,deer
../Dataset/CIFAR-10-images/train/airplane/0378.jpg,airplane
../Dataset/CIFAR-10-images/train/truck/0194.jpg,truck
../Dataset/CIFAR-10-images/train/bird/0098.jpg,bird
../Dataset/CIFAR-10-images/train/horse/0383.jpg,horse
../Dataset/CIFAR-10-images/train/ship/0045.jpg,ship
../Dataset/CIFAR-10-images/train/dog/0487.jpg,dog
../Dataset/CIFAR-10-images/train/deer/0426.jpg,deer
../Dataset/CIFAR-10-images/train/airplane/0272.jpg,airplane
../Dataset/CIFAR-10-images/train/automobile/0431.jpg,automobile
../Dataset/CIFAR-10-images/train/automobile/0005.jpg,automobile
../Dataset/CIFAR-10-images/train/ship/0263.jpg,ship
../Dataset/CIFAR-10-images/train/truck/0380.jpg,truck
../Dataset/CIFAR-10-images/train/frog/0484.jpg,frog
../Dataset/CIFAR-10-images/train/frog/0159.jpg,frog
../Dataset/CIFAR-10-images/train/deer/0066.jpg,deer
../Dataset/CIFAR-10-images/train/ship/0046.jpg,ship
../Dataset/CIFAR-10-images/train/horse/0098.jpg,horse
../Dataset/CIFAR-10-images/train/ship/0009.jpg,ship
../Dataset/CIFAR-10-images/train/truck/0146.jpg,truck
../Dataset/CIFAR-10-images/train/cat/0243.jpg,cat
../Dataset/CIFAR-10-images/train/bird/0147.jpg,bird
../Dataset/CIFAR-10-images/train/frog/0277.jpg,frog
../Dataset/CIFAR-10-images/train/airplane/0355.jpg,airplane
../Dataset/CIFAR-10-images/train/airplane/0441.jpg,airplane
../Dataset/CIFAR-10-images/train/cat/0177.jpg,cat
../Dataset/CIFAR-10-images/train/automobile/0316.jpg,automobile
../Dataset/CIFAR-10-images/train/horse/0282.jpg,horse
../Dataset/CIFAR-10-images/train/truck/0394.jpg,truck
../Dataset/CIFAR-10-images/train/frog/0457.jpg,frog
../Dataset/CIFAR-10-images/train/dog/0055.jpg,dog
../Dataset/CIFAR-10-images/train/automobile/0462.jpg,automobile
../Dataset/CIFAR-10-images/train/deer/0380.jpg,deer
../Dataset/CIFAR-10-images/train/deer/0411.jpg,deer
../Dataset/CIFAR-10-images/train/deer/0220.jpg,deer
../Dataset/CIFAR-10-images/train/cat/0034.jpg,cat
../Dataset/CIFAR-10-images/train/horse/0499.jpg,horse
../Dataset/CIFAR-10-images/train/cat/0121.jpg,cat
../Dataset/CIFAR-10-images/train/ship/0321.jpg,ship
../Dataset/CIFAR-10-images/train/ship/0103.jpg,ship
../Dataset/CIFAR-10-images/train/dog/0087.jpg,dog
../Dataset/CIFAR-10-images/train/dog/0016.jpg,dog
../Dataset/CIFAR-10-images/train/truck/0244.jpg,truck
../Dataset/CIFAR-10-images/train/deer/0225.jpg,deer
../Dataset/CIFAR-10-images/train/horse/0132.jpg,horse
../Dataset/CIFAR-10-images/train/horse/0025.jpg,horse
../Dataset/CIFAR-10-images/train/automobile/0037.jpg,automobile
../Dataset/CIFAR-10-images/train/dog/0109.jpg,dog
../Dataset/CIFAR-10-images/train/dog/0406.jpg,dog
../Dataset/CIFAR-10-images/train/deer/0019.jpg,deer
../Dataset/CIFAR-10-images/train/horse/0394.jpg,horse
../Dataset/CIFAR-10-images/train/dog/0316.jpg,dog
../Dataset/CIFAR-10-images/train/bird/0320.jpg,bird
../Dataset/CIFAR-10-images/train/airplane/0487.jpg,airplane
../Dataset/CIFAR-10-images/train/dog/0236.jpg,dog
../Dataset/CIFAR-10-images/train/horse/0356.jpg,horse
../Dataset/CIFAR-10-images/train/horse/0052.jpg,horse
../Dataset/CIFAR-10-images/train/frog/0208.jpg,frog
../Dataset/CIFAR-10-images/train/truck/0228.jpg,truck
../Dataset/CIFAR-10-images/train/automobile/0244.jpg,automobile
../Dataset/CIFAR-10-images/train/truck/0225.jpg,truck
../Dataset/CIFAR-10-images/train/cat/0075.jpg,cat
../Dataset/CIFAR-10-images/train/airplane/0151.jpg,airplane
../Dataset/CIFAR-10-images/train/horse/0284.jpg,horse
../Dataset/CIFAR-10-images/train/bird/0236.jpg,bird
../Dataset/CIFAR-10-images/train/automobile/0014.jpg,automobile
../Dataset/CIFAR-10-images/train/horse/0292.jpg,horse
../Dataset/CIFAR-10-images/train/dog/0351.jpg,dog
../Dataset/CIFAR-10-images/train/airplane/0105.jpg,airplane
../Dataset/CIFAR-10-images/train/truck/0213.jpg,truck
../Dataset/CIFAR-10-images/train/airplane/0036.jpg,airplane
../Dataset/CIFAR-10-images/train/cat/0077.jpg,cat
../Dataset/CIFAR-10-images/train/automobile/0432.jpg,automobile
../Dataset/CIFAR-10-images/train/cat/0477.jpg,cat
../Dataset/CIFAR-10-images/train/automobile/0207.jpg,automobile
../Dataset/CIFAR-10-images/train/cat/0192.jpg,cat
../Dataset/CIFAR-10-images/train/deer/0091.jpg,deer
../Dataset/CIFAR-10-images/train/ship/0479.jpg,ship
../Dataset/CIFAR-10-images/train/cat/0028.jpg,cat
../Dataset/CIFAR-10-images/train/airplane/0424.jpg,airplane
../Dataset/CIFAR-10-images/train/cat/0118.jpg,cat
../Dataset/CIFAR-10-images/train/deer/0068.jpg,deer
../Dataset/CIFAR-10-images/train/cat/0185.jpg,cat
../Dataset/CIFAR-10-images/train/frog/0493.jpg,frog
../Dataset/CIFAR-10-images/train/truck/0302.jpg,truck
../Dataset/CIFAR-10-images/train/automobile/0308.jpg,automobile
../Dataset/CIFAR-10-images/train/cat/0422.jpg,cat
../Dataset/CIFAR-10-images/train/bird/0078.jpg,bird
../Dataset/CIFAR-10-images/train/automobile/0042.jpg,automobile
../Dataset/CIFAR-10-images/train/bird/0258.jpg,bird
../Dataset/CIFAR-10-images/train/automobile/0329.jpg,automobile
../Dataset/CIFAR-10-images/train/cat/0005.jpg,cat
../Dataset/CIFAR-10-images/train/truck/0181.jpg,truck
../Dataset/CIFAR-10-images/train/automobile/0230.jpg,automobile
../Dataset/CIFAR-10-images/train/cat/0103.jpg,cat
../Dataset/CIFAR-10-images/train/frog/0139.jpg,frog
../Dataset/CIFAR-10-images/train/bird/0219.jpg,bird
../Dataset/CIFAR-10-images/train/ship/0318.jpg,ship
../Dataset/CIFAR-10-images/train/deer/0282.jpg,deer
../Dataset/CIFAR-10-images/train/frog/0444.jpg,frog
../Dataset/CIFAR-10-images/train/cat/0145.jpg,cat
../Dataset/CIFAR-10-images/train/cat/0150.jpg,cat
../Dataset/CIFAR-10-images/train/ship/0287.jpg,ship
../Dataset/CIFAR-10-images/train/automobile/0067.jpg,automobile
../Dataset/CIFAR-10-images/train/frog/0286.jpg,frog
../Dataset/CIFAR-10-images/train/cat/0427.jpg,cat
../Dataset/CIFAR-10-images/train/ship/0227.jpg,ship
../Dataset/CIFAR-10-images/train/frog/0141.jpg,frog
../Dataset/CIFAR-10-images/train/frog/0258.jpg,frog
../Dataset/CIFAR-10-images/train/frog/0232.jpg,frog
../Dataset/CIFAR-10-images/train/ship/0037.jpg,ship
../Dataset/CIFAR-10-images/train/cat/0151.jpg,cat
../Dataset/CIFAR-10-images/train/ship/0066.jpg,ship
../Dataset/CIFAR-10-images/train/horse/0200.jpg,horse
../Dataset/CIFAR-10-images/train/cat/0387.jpg,cat
../Dataset/CIFAR-10-images/train/bird/0106.jpg,bird
../Dataset/CIFAR-10-images/train/truck/0180.jpg,truck
../Dataset/CIFAR-10-images/train/airplane/0432.jpg,airplane
../Dataset/CIFAR-10-images/train/airplane/0301.jpg,airplane
../Dataset/CIFAR-10-images/train/automobile/0366.jpg,automobile
../Dataset/CIFAR-10-images/train/truck/0252.jpg,truck
../Dataset/CIFAR-10-images/train/ship/0348.jpg,ship
../Dataset/CIFAR-10-images/train/horse/0405.jpg,horse
../Dataset/CIFAR-10-images/train/ship/0169.jpg,ship
../Dataset/CIFAR-10-images/train/horse/0323.jpg,horse
../Dataset/CIFAR-10-images/train/frog/0039.jpg,frog
../Dataset/CIFAR-10-images/train/bird/0363.jpg,bird
../Dataset/CIFAR-10-images/train/horse/0434.jpg,horse
../Dataset/CIFAR-10-images/train/horse/0171.jpg,horse
../Dataset/CIFAR-10-images/train/bird/0278.jpg,bird
../Dataset/CIFAR-10-images/train/deer/0011.jpg,deer
../Dataset/CIFAR-10-images/train/frog/0057.jpg,frog
../Dataset/CIFAR-10-images/train/airplane/0061.jpg,airplane
../Dataset/CIFAR-10-images/train/horse/0403.jpg,horse
../Dataset/CIFAR-10-images/train/ship/0155.jpg,ship
../Dataset/CIFAR-10-images/train/cat/0366.jpg,cat
../Dataset/CIFAR-10-images/train/truck/0373.jpg,truck
../Dataset/CIFAR-10-images/train/automobile/0122.jpg,automobile
../Dataset/CIFAR-10-images/train/ship/0195.jpg,ship
../Dataset/CIFAR-10-images/train/cat/0369.jpg,cat
../Dataset/CIFAR-10-images/train/cat/0102.jpg,cat
../Dataset/CIFAR-10-images/train/horse/0125.jpg,horse
../Dataset/CIFAR-10-images/train/bird/0091.jpg,bird
../Dataset/CIFAR-10-images/train/dog/0018.jpg,dog
../Dataset/CIFAR-10-images/train/cat/0395.jpg,cat
../Dataset/CIFAR-10-images/train/deer/0465.jpg,deer
../Dataset/CIFAR-10-images/train/horse/0419.jpg,horse
../Dataset/CIFAR-10-images/train/horse/0260.jpg,horse
../Dataset/CIFAR-10-images/train/bird/0379.jpg,bird
../Dataset/CIFAR-10-images/train/dog/0093.jpg,dog
../Dataset/CIFAR-10-images/train/dog/0128.jpg,dog
../Dataset/CIFAR-10-images/train/frog/0298.jpg,frog
../Dataset/CIFAR-10-images/train/bird/0146.jpg,bird
../Dataset/CIFAR-10-images/train/automobile/0113.jpg,automobile
../Dataset/CIFAR-10-images/train/frog/0026.jpg,frog
../Dataset/CIFAR-10-images/train/automobile/0488.jpg,automobile
../Dataset/CIFAR-10-images/train/automobile/0354.jpg,automobile
../Dataset/CIFAR-10-images/train/airplane/0343.jpg,airplane
../Dataset/CIFAR-10-images/train/deer/0376.jpg,deer
../Dataset/CIFAR-10-images/train/cat/0388.jpg,cat
../Dataset/CIFAR-10-images/train/horse/0384.jpg,horse
../Dataset/CIFAR-10-images/train/bird/0165.jpg,bird
../Dataset/CIFAR-10-images/train/automobile/0209.jpg,automobile
../Dataset/CIFAR-10-images/train/airplane/0273.jpg,airplane
../Dataset/CIFAR-10-images/train/truck/0113.jpg,truck
../Dataset/CIFAR-10-images/train/truck/0141.jpg,truck
../Dataset/CIFAR-10-images/train/cat/0133.jpg,cat
../Dataset/CIFAR-10-images/train/cat/0465.jpg,cat
../Dataset/CIFAR-10-images/train/bird/0195.jpg,bird
../Dataset/CIFAR-10-images/train/airplane/0400.jpg,airplane
../Dataset/CIFAR-10-images/train/ship/0031.jpg,ship
../Dataset/CIFAR-10-images/train/truck/0316.jpg,truck
../Dataset/CIFAR-10-images/train/automobile/0123.jpg,automobile
../Dataset/CIFAR-10-images/train/horse/0465.jpg,horse
../Dataset/CIFAR-10-images/train/bird/0293.jpg,bird
../Dataset/CIFAR-10-images/train/frog/0389.jpg,frog
../Dataset/CIFAR-10-images/train/automobile/0013.jpg,automobile
../Dataset/CIFAR-10-images/train/cat/0468.jpg,cat
../Dataset/CIFAR-10-images/train/cat/0161.jpg,cat
../Dataset/CIFAR-10-images/train/dog/0145.jpg,dog
../Dataset/CIFAR-10-images/train/dog/0069.jpg,dog
../Dataset/CIFAR-10-images/train/bird/0274.jpg,bird
../Dataset/CIFAR-10-images/train/horse/0487.jpg,horse
../Dataset/CIFAR-10-images/train/frog/0499.jpg,frog
../Dataset/CIFAR-10-images/train/cat/0232.jpg,cat
../Dataset/CIFAR-10-images/train/cat/0117.jpg,cat
../Dataset/CIFAR-10-images/train/bird/0215.jpg,bird
../Dataset/CIFAR-10-images/train/deer/0056.jpg,deer
../Dataset/CIFAR-10-images/train/frog/0475.jpg,frog
../Dataset/CIFAR-10-images/train/frog/0491.jpg,frog
../Dataset/CIFAR-10-images/train/truck/0333.jpg,truck
../Dataset/CIFAR-10-images/train/bird/0499.jpg,bird
../Dataset/CIFAR-10-images/train/ship/0436.jpg,ship
../Dataset/CIFAR-10-images/train/truck/0076.jpg,truck
../Dataset/CIFAR-10-images/train/cat/0025.jpg,cat
../Dataset/CIFAR-10-images/train/deer/0110.jpg,deer
../Dataset/CIFAR-10-images/train/cat/0007.jpg,cat
../Dataset/CIFAR-10-images/train/deer/0331.jpg,deer
../Dataset/CIFAR-10-images/train/bird/0267.jpg,bird
../Dataset/CIFAR-10-images/train/frog/0164.jpg,frog
../Dataset/CIFAR-10-images/train/frog/0313.jpg,frog
../Dataset/CIFAR-10-images/train/truck/0127.jpg,truck
../Dataset/CIFAR-10-images/train/truck/0338.jpg,truck
../Dataset/CIFAR-10-images/train/truck/0248.jpg,truck
../Dataset/CIFAR-10-images/train/automobile/0382.jpg,automobile
../Dataset/CIFAR-10-images/train/ship/0189.jpg,ship
../Dataset/CIFAR-10-images/train/airplane/0052.jpg,airplane
../Dataset/CIFAR-10-images/train/dog/0122.jpg,dog
../Dataset/CIFAR-10-images/train/cat/0044.jpg,cat
../Dataset/CIFAR-10-images/train/dog/0105.jpg,dog
../Dataset/CIFAR-10-images/train/deer/0115.jpg,deer
../Dataset/CIFAR-10-images/train/horse/0082.jpg,horse
../Dataset/CIFAR-10-images/train/ship/0409.jpg,ship
../Dataset/CIFAR-10-images/train/deer/0299.jpg,deer
../Dataset/CIFAR-10-images/train/airplane/0073.jpg,airplane
../Dataset/CIFAR-10-images/train/ship/0030.jpg,ship
../Dataset/CIFAR-10-images/train/dog/0459.jpg,dog
../Dataset/CIFAR-10-images/train/automobile/0253.jpg,automobile
../Dataset/CIFAR-10-images/train/ship/0469.jpg,ship
../Dataset/CIFAR-10-images/train/truck/0119.jpg,truck
../Dataset/CIFAR-10-images/train/bird/0097.jpg,bird
../Dataset/CIFAR-10-images/train/automobile/0136.jpg,automobile
../Dataset/CIFAR-10-images/train/ship/0178.jpg,ship
../Dataset/CIFAR-10-images/train/deer/0217.jpg,deer
../Dataset/CIFAR-10-images/train/airplane/0027.jpg,airplane
../Dataset/CIFAR-10-images/train/ship/0089.jpg,ship
../Dataset/CIFAR-10-images/train/airplane/0205.jpg,airplane
../Dataset/CIFAR-10-images/train/cat/0394.jpg,cat
../Dataset/CIFAR-10-images/train/airplane/0491.jpg,airplane
../Dataset/CIFAR-10-images/train/bird/0422.jpg,bird
../Dataset/CIFAR-10-images/train/automobile/0147.jpg,automobile
../Dataset/CIFAR-10-images/train/dog/0267.jpg,dog
../Dataset/CIFAR-10-images/train/truck/0030.jpg,truck
../Dataset/CIFAR-10-images/train/truck/0083.jpg,truck
../Dataset/CIFAR-10-images/train/deer/0347.jpg,deer
../Dataset/CIFAR-10-images/train/horse/0222.jpg,horse
../Dataset/CIFAR-10-images/train/automobile/0092.jpg,automobile
../Dataset/CIFAR-10-images/train/frog/0296.jpg,frog
../Dataset/CIFAR-10-images/train/horse/0080.jpg,horse
../Dataset/CIFAR-10-images/train/dog/0420.jpg,dog
../Dataset/CIFAR-10-images/train/bird/0074.jpg,bird
../Dataset/CIFAR-10-images/train/dog/0383.jpg,dog
../Dataset/CIFAR-10-images/train/bird/0042.jpg,bird
../Dataset/CIFAR-10-images/train/ship/0455.jpg,ship
../Dataset/CIFAR-10-images/train/frog/0354.jpg,frog
../Dataset/CIFAR-10-images/train/deer/0226.jpg,deer
../Dataset/CIFAR-10-images/train/airplane/0176.jpg,airplane
../Dataset/CIFAR-10-images/train/cat/0472.jpg,cat
../Dataset/CIFAR-10-images/train/dog/0076.jpg,dog
../Dataset/CIFAR-10-images/train/ship/0458.jpg,ship
../Dataset/CIFAR-10-images/train/ship/0477.jpg,ship
../Dataset/CIFAR-10-images/train/airplane/0285.jpg,airplane
../Dataset/CIFAR-10-images/train/automobile/0131.jpg,automobile
../Dataset/CIFAR-10-images/train/deer/0292.jpg,deer
../Dataset/CIFAR-10-images/train/dog/0223.jpg,dog
../Dataset/CIFAR-10-images/train/bird/0033.jpg,bird
../Dataset/CIFAR-10-images/train/airplane/0072.jpg,airplane
../Dataset/CIFAR-10-images/train/truck/0074.jpg,truck
../Dataset/CIFAR-10-images/train/horse/0376.jpg,horse
../Dataset/CIFAR-10-images/train/cat/0176.jpg,cat
../Dataset/CIFAR-10-images/train/bird/0197.jpg,bird
../Dataset/CIFAR-10-images/train/frog/0250.jpg,frog
../Dataset/CIFAR-10-images/train/deer/0101.jpg,deer
../Dataset/CIFAR-10-images/train/automobile/0292.jpg,automobile
../Dataset/CIFAR-10-images/train/cat/0415.jpg,cat
../Dataset/CIFAR-10-images/train/deer/0039.jpg,deer
../Dataset/CIFAR-10-images/train/ship/0443.jpg,ship
../Dataset/CIFAR-10-images/train/deer/0119.jpg,deer
../Dataset/CIFAR-10-images/train/cat/0149.jpg,cat
../Dataset/CIFAR-10-images/train/automobile/0210.jpg,automobile
../Dataset/CIFAR-10-images/train/airplane/0311.jpg,airplane
../Dataset/CIFAR-10-images/train/ship/0249.jpg,ship
../Dataset/CIFAR-10-images/train/ship/0221.jpg,ship
../Dataset/CIFAR-10-images/train/deer/0436.jpg,deer
../Dataset/CIFAR-10-images/train/airplane/0247.jpg,airplane
../Dataset/CIFAR-10-images/train/dog/0291.jpg,dog
../Dataset/CIFAR-10-images/train/automobile/0011.jpg,automobile
../Dataset/CIFAR-10-images/train/truck/0173.jpg,truck
../Dataset/CIFAR-10-images/train/deer/0144.jpg,deer
../Dataset/CIFAR-10-images/train/horse/0319.jpg,horse
../Dataset/CIFAR-10-images/train/bird/0003.jpg,bird
../Dataset/CIFAR-10-images/train/truck/0330.jpg,truck
../Dataset/CIFAR-10-images/train/cat/0086.jpg,cat
../Dataset/CIFAR-10-images/train/horse/0307.jpg,horse
../Dataset/CIFAR-10-images/train/truck/0245.jpg,truck
../Dataset/CIFAR-10-images/train/deer/0028.jpg,deer
../Dataset/CIFAR-10-images/train/ship/0048.jpg,ship
../Dataset/CIFAR-10-images/train/bird/0366.jpg,bird
../Dataset/CIFAR-10-images/train/airplane/0025.jpg,airplane
../Dataset/CIFAR-10-images/train/ship/0223.jpg,ship
../Dataset/CIFAR-10-images/train/ship/0091.jpg,ship
../Dataset/CIFAR-10-images/train/cat/0206.jpg,cat
../Dataset/CIFAR-10-images/train/cat/0460.jpg,cat
../Dataset/CIFAR-10-images/train/horse/0468.jpg,horse
../Dataset/CIFAR-10-images/train/cat/0183.jpg,cat
../Dataset/CIFAR-10-images/train/ship/0307.jpg,ship
../Dataset/CIFAR-10-images/train/cat/0420.jpg,cat
../Dataset/CIFAR-10-images/train/ship/0098.jpg,ship
../Dataset/CIFAR-10-images/train/airplane/0136.jpg,airplane
../Dataset/CIFAR-10-images/train/cat/0375.jpg,cat
../Dataset/CIFAR-10-images/train/cat/0286.jpg,cat
../Dataset/CIFAR-10-images/train/frog/0115.jpg,frog
../Dataset/CIFAR-10-images/train/ship/0425.jpg,ship
../Dataset/CIFAR-10-images/train/airplane/0339.jpg,airplane
../Dataset/CIFAR-10-images/train/frog/0366.jpg,frog
../Dataset/CIFAR-10-images/train/truck/0204.jpg,truck
../Dataset/CIFAR-10-images/train/horse/0035.jpg,horse
../Dataset/CIFAR-10-images/train/frog/0011.jpg,frog
../Dataset/CIFAR-10-images/train/automobile/0453.jpg,automobile
../Dataset/CIFAR-10-images/train/ship/0233.jpg,ship
../Dataset/CIFAR-10-images/train/automobile/0035.jpg,automobile
../Dataset/CIFAR-10-images/train/dog/0494.jpg,dog
../Dataset/CIFAR-10-images/train/frog/0076.jpg,frog
../Dataset/CIFAR-10-images/train/cat/0125.jpg,cat
../Dataset/CIFAR-10-images/train/truck/0169.jpg,truck
../Dataset/CIFAR-10-images/train/dog/0157.jpg,dog
../Dataset/CIFAR-10-images/train/ship/0309.jpg,ship
../Dataset/CIFAR-10-images/train/ship/0079.jpg,ship
../Dataset/CIFAR-10-images/train/deer/0268.jpg,deer
../Dataset/CIFAR-10-images/train/bird/0109.jpg,bird
../Dataset/CIFAR-10-images/train/deer/0256.jpg,deer
../Dataset/CIFAR-10-images/train/airplane/0357.jpg,airplane
../Dataset/CIFAR-10-images/train/ship/0182.jpg,ship
../Dataset/CIFAR-10-images/train/cat/0454.jpg,cat
../Dataset/CIFAR-10-images/train/truck/0170.jpg,truck
../Dataset/CIFAR-10-images/train/automobile/0003.jpg,automobile
../Dataset/CIFAR-10-images/train/deer/0389.jpg,deer
../Dataset/CIFAR-10-images/train/cat/0049.jpg,cat
../Dataset/CIFAR-10-images/train/frog/0020.jpg,frog
../Dataset/CIFAR-10-images/train/deer/0354.jpg,deer
../Dataset/CIFAR-10-images/train/bird/0122.jpg,bird
../Dataset/CIFAR-10-images/train/ship/0038.jpg,ship
../Dataset/CIFAR-10-images/train/frog/0425.jpg,frog
../Dataset/CIFAR-10-images/train/dog/0042.jpg,dog
../Dataset/CIFAR-10-images/train/ship/0258.jpg,ship
../Dataset/CIFAR-10-images/train/truck/0460.jpg,truck
../Dataset/CIFAR-10-images/train/cat/0191.jpg,cat
../Dataset/CIFAR-10-images/train/bird/0193.jpg,bird
../Dataset/CIFAR-10-images/train/bird/0205.jpg,bird
../Dataset/CIFAR-10-images/train/frog/0481.jpg,frog
../Dataset/CIFAR-10-images/train/deer/0431.jpg,deer
../Dataset/CIFAR-10-images/train/truck/0209.jpg,truck
../Dataset/CIFAR-10-images/train/cat/0015.jpg,cat
../Dataset/CIFAR-10-images/train/bird/0335.jpg,bird
../Dataset/CIFAR-10-images/train/frog/0093.jpg,frog
../Dataset/CIFAR-10-images/train/deer/0026.jpg,deer
../Dataset/CIFAR-10-images/train/deer/0145.jpg,deer
../Dataset/CIFAR-10-images/train/bird/0017.jpg,bird
../Dataset/CIFAR-10-images/train/automobile/0020.jpg,automobile
../Dataset/CIFAR-10-images/train/airplane/0185.jpg,airplane
../Dataset/CIFAR-10-images/train/cat/0238.jpg,cat
../Dataset/CIFAR-10-images/train/automobile/0428.jpg,automobile
../Dataset/CIFAR-10-images/train/horse/0009.jpg,horse
../Dataset/CIFAR-10-images/train/ship/0183.jpg,ship
../Dataset/CIFAR-10-images/train/dog/0497.jpg,dog
../Dataset/CIFAR-10-images/train/dog/0226.jpg,dog
../Dataset/CIFAR-10-images/train/deer/0289.jpg,deer
../Dataset/CIFAR-10-images/train/airplane/0376.jpg,airplane
../Dataset/CIFAR-10-images/train/horse/0196.jpg,horse
../Dataset/CIFAR-10-images/train/deer/0174.jpg,deer
../Dataset/CIFAR-10-images/train/airplane/0239.jpg,airplane
../Dataset/CIFAR-10-images/train/dog/0269.jpg,dog
../Dataset/CIFAR-10-images/train/dog/0074.jpg,dog
../Dataset/CIFAR-10-images/train/deer/0020.jpg,deer
../Dataset/CIFAR-10-images/train/horse/0347.jpg,horse
../Dataset/CIFAR-10-images/train/deer/0193.jpg,deer
../Dataset/CIFAR-10-images/train/truck/0436.jpg,truck
../Dataset/CIFAR-10-images/train/truck/0115.jpg,truck
../Dataset/CIFAR-10-images/train/automobile/0418.jpg,automobile
../Dataset/CIFAR-10-images/train/ship/0317.jpg,ship
../Dataset/CIFAR-10-images/train/dog/0379.jpg,dog
../Dataset/CIFAR-10-images/train/ship/0333.jpg,ship
../Dataset/CIFAR-10-images/train/automobile/0368.jpg,automobile
../Dataset/CIFAR-10-images/train/truck/0222.jpg,truck
../Dataset/CIFAR-10-images/train/truck/0481.jpg,truck
../Dataset/CIFAR-10-images/train/dog/0391.jpg,dog
../Dataset/CIFAR-10-images/train/airplane/0423.jpg,airplane
../Dataset/CIFAR-10-images/train/ship/0251.jpg,ship
../Dataset/CIFAR-10-images/train/dog/0050.jpg,dog
../Dataset/CIFAR-10-images/train/truck/0416.jpg,truck
../Dataset/CIFAR-10-images/train/horse/0454.jpg,horse
../Dataset/CIFAR-10-images/train/bird/0051.jpg,bird
../Dataset/CIFAR-10-images/train/frog/0422.jpg,frog
../Dataset/CIFAR-10-images/train/ship/0191.jpg,ship
../Dataset/CIFAR-10-images/train/dog/0272.jpg,dog
../Dataset/CIFAR-10-images/train/deer/0094.jpg,deer
../Dataset/CIFAR-10-images/train/truck/0484.jpg,truck
../Dataset/CIFAR-10-images/train/dog/0482.jpg,dog
../Dataset/CIFAR-10-images/train/truck/0112.jpg,truck
../Dataset/CIFAR-10-images/train/bird/0259.jpg,bird
../Dataset/CIFAR-10-images/train/automobile/0196.jpg,automobile
../Dataset/CIFAR-10-images/train/ship/0105.jpg,ship
../Dataset/CIFAR-10-images/train/horse/0173.jpg,horse
../Dataset/CIFAR-10-images/train/truck/0159.jpg,truck
../Dataset/CIFAR-10-images/train/truck/0031.jpg,truck
../Dataset/CIFAR-10-images/train/bird/0200.jpg,bird
../Dataset/CIFAR-10-images/train/deer/0231.jpg,deer
../Dataset/CIFAR-10-images/train/cat/0284.jpg,cat
../Dataset/CIFAR-10-images/train/deer/0393.jpg,deer
../Dataset/CIFAR-10-images/train/ship/0200.jpg,ship
../Dataset/CIFAR-10-images/train/dog/0476.jpg,dog
../Dataset/CIFAR-10-images/train/airplane/0170.jpg,airplane
../Dataset/CIFAR-10-images/train/deer/0266.jpg,deer
../Dataset/CIFAR-10-images/train/dog/0103.jpg,dog
../Dataset/CIFAR-10-images/train/cat/0037.jpg,cat
../Dataset/CIFAR-10-images/train/truck/0223.jpg,truck
../Dataset/CIFAR-10-images/train/cat/0259.jpg,cat
../Dataset/CIFAR-10-images/train/automobile/0458.jpg,automobile
../Dataset/CIFAR-10-images/train/cat/0256.jpg,cat
../Dataset/CIFAR-10-images/train/airplane/0226.jpg,airplane
../Dataset/CIFAR-10-images/train/truck/0494.jpg,truck
../Dataset/CIFAR-10-images/train/automobile/0290.jpg,automobile
../Dataset/CIFAR-10-images/train/frog/0377.jpg,frog
../Dataset/CIFAR-10-images/train/truck/0472.jpg,truck
../Dataset/CIFAR-10-images/train/airplane/0140.jpg,airplane
../Dataset/CIFAR-10-images/train/frog/0071.jpg,frog
../Dataset/CIFAR-10-images/train/ship/0246.jpg,ship
../Dataset/CIFAR-10-images/train/dog/0349.jpg,dog
../Dataset/CIFAR-10-images/train/horse/0107.jpg,horse
../Dataset/CIFAR-10-images/train/horse/0411.jpg,horse
../Dataset/CIFAR-10-images/train/deer/0473.jpg,deer
../Dataset/CIFAR-10-images/train/deer/0191.jpg,deer
../Dataset/CIFAR-10-images/train/ship/0146.jpg,ship
../Dataset/CIFAR-10-images/train/truck/0128.jpg,truck
../Dataset/CIFAR-10-images/train/airplane/0149.jpg,airplane
../Dataset/CIFAR-10-images/train/automobile/0306.jpg,automobile
../Dataset/CIFAR-10-images/train/airplane/0364.jpg,airplane
../Dataset/CIFAR-10-images/train/airplane/0162.jpg,airplane
../Dataset/CIFAR-10-images/train/frog/0156.jpg,frog
../Dataset/CIFAR-10-images/train/airplane/0425.jpg,airplane
../Dataset/CIFAR-10-images/train/bird/0095.jpg,bird
../Dataset/CIFAR-10-images/train/cat/0322.jpg,cat
../Dataset/CIFAR-10-images/train/deer/0272.jpg,deer
../Dataset/CIFAR-10-images/train/deer/0275.jpg,deer
../Dataset/CIFAR-10-images/train/airplane/0331.jpg,airplane
../Dataset/CIFAR-10-images/train/bird/0112.jpg,bird
../Dataset/CIFAR-10-images/train/frog/0463.jpg,frog
../Dataset/CIFAR-10-images/train/frog/0406.jpg,frog
../Dataset/CIFAR-10-images/train/deer/0228.jpg,deer
../Dataset/CIFAR-10-images/train/ship/0432.jpg,ship
../Dataset/CIFAR-10-images/train/truck/0093.jpg,truck
../Dataset/CIFAR-10-images/train/deer/0242.jpg,deer
../Dataset/CIFAR-10-images/train/truck/0017.jpg,truck
../Dataset/CIFAR-10-images/train/bird/0322.jpg,bird
../Dataset/CIFAR-10-images/train/dog/0249.jpg,dog
../Dataset/CIFAR-10-images/train/horse/0491.jpg,horse
../Dataset/CIFAR-10-images/train/truck/0324.jpg,truck
../Dataset/CIFAR-10-images/train/dog/0368.jpg,dog
../Dataset/CIFAR-10-images/train/truck/0080.jpg,truck
../Dataset/CIFAR-10-images/train/automobile/0039.jpg,automobile
../Dataset/CIFAR-10-images/train/airplane/0374.jpg,airplane
../Dataset/CIFAR-10-images/train/ship/0164.jpg,ship
../Dataset/CIFAR-10-images/train/truck/0177.jpg,truck
../Dataset/CIFAR-10-images/train/cat/0043.jpg,cat
../Dataset/CIFAR-10-images/train/cat/0081.jpg,cat
../Dataset/CIFAR-10-images/train/bird/0037.jpg,bird
../Dataset/CIFAR-10-images/train/bird/0447.jpg,bird
../Dataset/CIFAR-10-images/train/horse/0443.jpg,horse
../Dataset/CIFAR-10-images/train/bird/0080.jpg,bird
../Dataset/CIFAR-10-images/train/automobile/0326.jpg,automobile
../Dataset/CIFAR-10-images/train/dog/0331.jpg,dog
../Dataset/CIFAR-10-images/train/truck/0230.jpg,truck
../Dataset/CIFAR-10-images/train/bird/0184.jpg,bird
../Dataset/CIFAR-10-images/train/bird/0065.jpg,bird
../Dataset/CIFAR-10-images/train/dog/0381.jpg,dog
../Dataset/CIFAR-10-images/train/horse/0331.jpg,horse
../Dataset/CIFAR-10-images/train/ship/0341.jpg,ship
../Dataset/CIFAR-10-images/train/horse/0022.jpg,horse
../Dataset/CIFAR-10-images/train/deer/0204.jpg,deer
../Dataset/CIFAR-10-images/train/deer/0165.jpg,deer
../Dataset/CIFAR-10-images/train/frog/0316.jpg,frog
../Dataset/CIFAR-10-images/train/airplane/0225.jpg,airplane
../Dataset/CIFAR-10-images/train/dog/0428.jpg,dog
../Dataset/CIFAR-10-images/train/horse/0064.jpg,horse
../Dataset/CIFAR-10-images/train/bird/0324.jpg,bird
../Dataset/CIFAR-10-images/train/truck/0257.jpg,truck
../Dataset/CIFAR-10-images/train/deer/0058.jpg,deer
../Dataset/CIFAR-10-images/train/ship/0446.jpg,ship
../Dataset/CIFAR-10-images/train/cat/0413.jpg,cat
../Dataset/CIFAR-10-images/train/horse/0362.jpg,horse
../Dataset/CIFAR-10-images/train/bird/0493.jpg,bird
../Dataset/CIFAR-10-images/train/horse/0441.jpg,horse
../Dataset/CIFAR-10-images/train/automobile/0140.jpg,automobile
../Dataset/CIFAR-10-images/train/bird/0222.jpg,bird
../Dataset/CIFAR-10-images/train/truck/0032.jpg,truck
../Dataset/CIFAR-10-images/train/ship/0141.jpg,ship
../Dataset/CIFAR-10-images/train/frog/0087.jpg,frog
../Dataset/CIFAR-10-images/train/ship/0100.jpg,ship
../Dataset/CIFAR-10-images/train/airplane/0347.jpg,airplane
../Dataset/CIFAR-10-images/train/ship/0427.jpg,ship
../Dataset/CIFAR-10-images/train/truck/0174.jpg,truck
../Dataset/CIFAR-10-images/train/truck/0028.jpg,truck
../Dataset/CIFAR-10-images/train/automobile/0127.jpg,automobile
../Dataset/CIFAR-10-images/train/bird/0298.jpg,bird
../Dataset/CIFAR-10-images/train/cat/0169.jpg,cat
../Dataset/CIFAR-10-images/train/automobile/0023.jpg,automobile
../Dataset/CIFAR-10-images/train/cat/0122.jpg,cat
../Dataset/CIFAR-10-images/train/deer/0219.jpg,deer
../Dataset/CIFAR-10-images/train/cat/0071.jpg,cat
../Dataset/CIFAR-10-images/train/frog/0489.jpg,frog
../Dataset/CIFAR-10-images/train/cat/0142.jpg,cat
../Dataset/CIFAR-10-images/train/airplane/0373.jpg,airplane
../Dataset/CIFAR-10-images/train/truck/0164.jpg,truck
../Dataset/CIFAR-10-images/train/dog/0200.jpg,dog
../Dataset/CIFAR-10-images/train/cat/0408.jpg,cat
../Dataset/CIFAR-10-images/train/frog/0477.jpg,frog
../Dataset/CIFAR-10-images/train/deer/0404.jpg,deer
../Dataset/CIFAR-10-images/train/bird/0494.jpg,bird
../Dataset/CIFAR-10-images/train/airplane/0108.jpg,airplane
../Dataset/CIFAR-10-images/train/bird/0123.jpg,bird
../Dataset/CIFAR-10-images/train/bird/0087.jpg,bird
../Dataset/CIFAR-10-images/train/ship/0260.jpg,ship
../Dataset/CIFAR-10-images/train/airplane/0327.jpg,airplane
../Dataset/CIFAR-10-images/train/truck/0456.jpg,truck
../Dataset/CIFAR-10-images/train/ship/0316.jpg,ship
../Dataset/CIFAR-10-images/train/ship/0205.jpg,ship
../Dataset/CIFAR-10-images/train/dog/0324.jpg,dog
../Dataset/CIFAR-10-images/train/airplane/0119.jpg,airplane
../Dataset/CIFAR-10-images/train/bird/0243.jpg,bird
../Dataset/CIFAR-10-images/train/ship/0438.jpg,ship
../Dataset/CIFAR-10-images/train/frog/0180.jpg,frog
../Dataset/CIFAR-10-images/train/airplane/0224.jpg,airplane
../Dataset/CIFAR-10-images/train/horse/0138.jpg,horse
../Dataset/CIFAR-10-images/train/airplane/0180.jpg,airplane
../Dataset/CIFAR-10-images/train/bird/0276.jpg,bird
../Dataset/CIFAR-10-images/train/automobile/0455.jpg,automobile
../Dataset/CIFAR-10-images/train/airplane/0192.jpg,airplane
../Dataset/CIFAR-10-images/train/bird/0497.jpg,bird
../Dataset/CIFAR-10-images/train/deer/0339.jpg,deer
../Dataset/CIFAR-10-images/train/deer/0470.jpg,deer
../Dataset/CIFAR-10-images/train/frog/0216.jpg,frog
../Dataset/CIFAR-10-images/train/frog/0384.jpg,frog
../Dataset/CIFAR-10-images/train/horse/0117.jpg,horse
../Dataset/CIFAR-10-images/train/deer/0107.jpg,deer
../Dataset/CIFAR-10-images/train/horse/0065.jpg,horse
../Dataset/CIFAR-10-images/train/dog/0376.jpg,dog
../Dataset/CIFAR-10-images/train/truck/0306.jpg,truck
../Dataset/CIFAR-10-images/train/truck/0462.jpg,truck
../Dataset/CIFAR-10-images/train/dog/0132.jpg,dog
../Dataset/CIFAR-10-images/train/horse/0092.jpg,horse
../Dataset/CIFAR-10-images/train/truck/0441.jpg,truck
../Dataset/CIFAR-10-images/train/frog/0330.jpg,frog
../Dataset/CIFAR-10-images/train/truck/0275.jpg,truck
../Dataset/CIFAR-10-images/train/airplane/0297.jpg,airplane
../Dataset/CIFAR-10-images/train/airplane/0244.jpg,airplane
../Dataset/CIFAR-10-images/train/automobile/0376.jpg,automobile
../Dataset/CIFAR-10-images/train/frog/0451.jpg,frog
../Dataset/CIFAR-10-images/train/truck/0335.jpg,truck
../Dataset/CIFAR-10-images/train/automobile/0176.jpg,automobile
../Dataset/CIFAR-10-images/train/truck/0188.jpg,truck
../Dataset/CIFAR-10-images/train/bird/0177.jpg,bird
../Dataset/CIFAR-10-images/train/bird/0414.jpg,bird
../Dataset/CIFAR-10-images/train/horse/0178.jpg,horse
../Dataset/CIFAR-10-images/train/airplane/0237.jpg,airplane
../Dataset/CIFAR-10-images/train/airplane/0333.jpg,airplane
../Dataset/CIFAR-10-images/train/horse/0343.jpg,horse
../Dataset/CIFAR-10-images/train/horse/0428.jpg,horse
../Dataset/CIFAR-10-images/train/truck/0100.jpg,truck
../Dataset/CIFAR-10-images/train/automobile/0252.jpg,automobile
../Dataset/CIFAR-10-images/train/dog/0448.jpg,dog
../Dataset/CIFAR-10-images/train/frog/0027.jpg,frog
../Dataset/CIFAR-10-images/train/automobile/0331.jpg,automobile
